Phylum,Class,Order,Family,Genus,Species,Oxygen,pH,Spore
Bacillota,Clostridia,Eubacteriales,Clostridiaceae,Clostridium,Aminophilum,anaerobe,alkaliphile,1
Bacteroidota,Bacteroidia,Bacteroidales,Bacteroidaceae,Bacteroides,Acidifaciens,anaerobe,alkaliphile,0
Bacillota,Clostridia,Eubacteriales,Clostridiaceae,Clostridium,Aminophilum,anaerobe,alkaliphile,1
Bacillota,Clostridia,Eubacteriales,Oscillospiraceae,Ruminococcus,Flavefaciens,anaerobe,Unknown,0
Mycoplasmatota,Mollicutes,Acholeplasmatales,Acholeplasmataceae,Acholeplasma,,facultative anaerobe,Unknown,Unknown
Bacillota,Negativicutes,Acidaminococcales,Acidaminococcaceae,Phascolarctobacterium,,anaerobe,Unknown,0
Spirochaetota,Spirochaetia,Spirochaetales,Treponemataceae,Treponema,,anaerobe,Unknown,Unknown
Bacillota,Clostridia,Eubacteriales,Oscillospiraceae,Oscillospira,Guilliermondii,Unknown,Unknown,Unknown
Bacillota,Clostridia,Eubacteriales,Clostridiaceae,Clostridium,Aminophilum,anaerobe,alkaliphile,1
Bacteroidota,Bacteroidia,Bacteroidales,Bacteroidaceae,Bacteroides,Acidifaciens,anaerobe,alkaliphile,0
Bacillota,Clostridia,Eubacteriales,Clostridiaceae,Clostridium,Aminophilum,anaerobe,alkaliphile,1
Campylobacterota,Epsilonproteobacteria,Campylobacterales,Helicobacteraceae,Helicobacter,Pullorum,microaerophile,Unknown,0
Cyanobacteriota,Cyanophyceae,Gloeobacterales,Gloeobacteraceae,Gloeobacter,Violaceus,Unknown,Unknown,Unknown
Lentisphaerota,Lentisphaeria,Victivallales,Victivallaceae,Victivallis,Vadensis,anaerobe,Unknown,Unknown
Synergistota,Synergistia,Synergistales,Dethiosulfovibrionaceae,Pyramidobacter,Piscolens,anaerobe,Unknown,Unknown
Bacillota,Clostridia,Eubacteriales,Eubacteriaceae,Pseudoramibacter,,anaerobe,Unknown,Unknown
Bacillota,Negativicutes,Selenomonadales,Selenomonadaceae,Anaerovibrio,,anaerobe,Unknown,Unknown
Bacillota,Clostridia,Eubacteriales,Clostridiaceae,Clostridium,Aminophilum,anaerobe,alkaliphile,1
Lentisphaerota,Lentisphaeria,Victivallales,Victivallaceae,Victivallis,Vadensis,anaerobe,Unknown,Unknown
Bacillota,Clostridia,Lachnospirales,Lachnospiraceae,Butyrivibrio,,anaerobe,Unknown,Unknown
Pseudomonadota,Gammaproteobacteria,Enterobacterales,Enterobacteriaceae,Enterobacter,Aerogenes,aerobe,alkaliphile,0
Bacillota,Clostridia,Peptostreptococcales,Anaerovoracaceae,Mogibacterium,,anaerobe,Unknown,0
Verrucomicrobiota,Verrucomicrobiia,Verrucomicrobiales,Akkermansiaceae,Akkermansia,Muciniphila,anaerobe,Unknown,Unknown
Actinomycetota,Actinomycetes,Bifidobacteriales,Bifidobacteriaceae,Bifidobacterium,Adolescentis,anaerobe,acidophile,0
Mycoplasmatota,Mollicutes,Acholeplasmatales,Acholeplasmataceae,Acholeplasma,,facultative anaerobe,Unknown,Unknown
Euryarchaeota,Methanomicrobia,Methanomicrobiales,Methanocorpusculaceae,Methanocorpusculum,,anaerobe,Unknown,Unknown
Bacillota,Clostridia,Eubacteriales,Oscillospiraceae,Ruminococcus,Albus,anaerobe,Unknown,0
Fusobacteriota,Fusobacteriia,Fusobacteriales,Fusobacteriaceae,Fusobacterium,,anaerobe,Unknown,0
Bacteroidota,Bacteroidia,Bacteroidales,Bacteroidaceae,Bacteroides,Acidifaciens,anaerobe,alkaliphile,0
Bacteroidota,Bacteroidia,Bacteroidales,Prevotellaceae,Prevotella,Copri,anaerobe,alkaliphile,0
Actinomycetota,Actinomycetes,Mycobacteriales,Corynebacteriaceae,Corynebacterium,Durum,aerobe,alkaliphile,0
Bacteroidota,Bacteroidia,Bacteroidales,Paludibacteraceae,Paludibacter,,facultative anaerobe,acidophile,0
Pseudomonadota,Gammaproteobacteria,Enterobacterales,Enterobacteriaceae,Enterobacter,Aerogenes,aerobe,alkaliphile,0
Bacillota,Negativicutes,Selenomonadales,Selenomonadaceae,Mitsuokella,Multacida,anaerobe,Unknown,Unknown
Bacillota,Clostridia,Lachnospirales,Lachnospiraceae,Anaerostipes,,anaerobe,Unknown,1
Bacteroidota,Bacteroidia,Bacteroidales,Bacteroidaceae,Bacteroides,Acidifaciens,anaerobe,alkaliphile,0
Bacteroidota,Bacteroidia,Bacteroidales,Bacteroidaceae,Bacteroides,Acidifaciens,anaerobe,alkaliphile,0
Fibrobacterota,Fibrobacteria,Fibrobacterales,Fibrobacteraceae,Fibrobacter,Succinogenes,Unknown,Unknown,Unknown
Bacillota,Clostridia,Eubacteriales,Clostridiaceae,Clostridium,Aminophilum,anaerobe,alkaliphile,1
Bacillota,Erysipelotrichia,Erysipelotrichales,Erysipelotrichaceae,Bulleidia,P-1630-C5,anaerobe,Unknown,Unknown
Actinomycetota,Actinomycetes,Micrococcales,Microbacteriaceae,Frigoribacterium,,aerobe,alkaliphile,0
Bacillota,Clostridia,Lachnospirales,Lachnospiraceae,Coprococcus,Catus,Unknown,Unknown,Unknown
Bacillota,Clostridia,Lachnospirales,Lachnospiraceae,Blautia,Obeum,anaerobe,Unknown,0
Thermodesulfobacteriota,Desulfovibrionia,Desulfovibrionales,Desulfovibrionaceae,Desulfovibrio,C21_C20,anaerobe,alkaliphile,0
Bacteroidota,Bacteroidia,Bacteroidales,Bacteroidaceae,Bacteroides,Acidifaciens,anaerobe,alkaliphile,0
Actinomycetota,Coriobacteriia,Eggerthellales,Eggerthellaceae,Adlercreutzia,,anaerobe,alkaliphile,0
Bacillota,Clostridia,Eubacteriales,Peptococcaceae,Dehalobacterium,,Unknown,Unknown,Unknown
Actinomycetota,Actinomycetes,Mycobacteriales,Dietziaceae,Dietzia,,aerobe,alkaliphile,0
Bacillota,Bacilli,Lactobacillales,Streptococcaceae,Streptococcus,Anginosus,facultative anaerobe,alkaliphile,0
Bacteroidota,Flavobacteriia,Flavobacteriales,Flavobacteriaceae,Flavobacterium,Succinicans,aerobe,alkaliphile,0
Pseudomonadota,Gammaproteobacteria,Enterobacterales,Enterobacteriaceae,Enterobacter,Aerogenes,aerobe,alkaliphile,0
Pseudomonadota,Gammaproteobacteria,Enterobacterales,Enterobacteriaceae,Enterobacter,Aerogenes,aerobe,alkaliphile,0
Euryarchaeota,Methanobacteria,Methanobacteriales,Methanobacteriaceae,Methanobrevibacter,,anaerobe,Unknown,Unknown
Spirochaetota,Spirochaetia,Spirochaetales,Sphaerochaetaceae,Sphaerochaeta,,anaerobe,Unknown,Unknown
Bacillota,Negativicutes,Acidaminococcales,Acidaminococcaceae,Succiniclasticum,,anaerobe,Unknown,0
Bacillota,Clostridia,Lachnospirales,Lachnospiraceae,Dorea,Formicigenerans,anaerobe,Unknown,0
Verrucomicrobiota,Verrucomicrobiia,Verrucomicrobiales,Akkermansiaceae,Akkermansia,Muciniphila,anaerobe,Unknown,Unknown
Bacillota,Clostridia,Eubacteriales,Eubacteriaceae,Anaerofustis,,anaerobe,Unknown,Unknown
Bacillota,Clostridia,Eubacteriales,Clostridiaceae,Clostridium,Aminophilum,anaerobe,alkaliphile,1
Pseudomonadota,Gammaproteobacteria,Enterobacterales,Enterobacteriaceae,Enterobacter,Aerogenes,aerobe,alkaliphile,0
Bacillota,Clostridia,Lachnospirales,Lachnospiraceae,Blautia,Producta,anaerobe,Unknown,0
Bacteroidota,Bacteroidia,Bacteroidales,Bacteroidaceae,Bacteroides,Acidifaciens,anaerobe,alkaliphile,0
Bacillota,Clostridia,Eubacteriales,Oscillospiraceae,Ruminococcus,Gnavus,anaerobe,Unknown,0
Arthropoda,Insecta,Phasmatodea,Bacillidae,Bacillus,Muralis,aerobe,alkaliphile,1
Bacillota,Negativicutes,Acidaminococcales,Acidaminococcaceae,Acidaminococcus,,anaerobe,Unknown,0
Bacillota,Clostridia,Eubacteriales,Clostridiaceae,Clostridium,Aminophilum,anaerobe,alkaliphile,1
Bacillota,Negativicutes,Veillonellales,Veillonellaceae,Megasphaera,,anaerobe,alkaliphile,0
Bacteroidota,Sphingobacteriia,Sphingobacteriales,Sphingobacteriaceae,Pedobacter,Saltans,aerobe,alkaliphile,0
Bacillota,Bacilli,Lactobacillales,Lactobacillaceae,Lactobacillus,Agilis,anaerobe,acidophile,0
Bacteroidota,Flavobacteriia,Flavobacteriales,Weeksellaceae,Chryseobacterium,,aerobe,alkaliphile,0
Bacteroidota,Bacteroidia,Bacteroidales,Bacteroidaceae,Bacteroides,Acidifaciens,anaerobe,alkaliphile,0
Bacillota,Clostridia,Lachnospirales,Lachnospiraceae,Candidatus Epulonipiscium,,Unknown,Unknown,Unknown
Bacillota,Clostridia,Eubacteriales,Clostridiaceae,Clostridium,Aminophilum,anaerobe,alkaliphile,1
Spirochaetota,Spirochaetia,Spirochaetales,Sphaerochaetaceae,Sphaerochaeta,,anaerobe,Unknown,Unknown
Arthropoda,Insecta,Phasmatodea,Bacillidae,Bacillus,Asahii,aerobe,alkaliphile,1
Verrucomicrobiota,Verrucomicrobiia,Verrucomicrobiales,Akkermansiaceae,Akkermansia,Muciniphila,anaerobe,Unknown,Unknown
Bacillota,Bacilli,Lactobacillales,Enterococcaceae,Enterococcus,Casseliflavus,facultative anaerobe,alkaliphile,0
Bacteroidota,Bacteroidia,Bacteroidales,Prevotellaceae,Prevotella,Tannerae,anaerobe,alkaliphile,0
Actinomycetota,Actinomycetes,Actinomycetales,Actinomycetaceae,Arcanobacterium,,anaerobe,Unknown,0
Bacillota,Bacilli,Lactobacillales,Streptococcaceae,Streptococcus,Luteciae,facultative anaerobe,alkaliphile,0
Bacillota,Clostridia,Lachnospirales,Lachnospiraceae,Lachnospira,Pectinoschiza,anaerobe,Unknown,Unknown
Pseudomonadota,Betaproteobacteria,Burkholderiales,Sutterellaceae,Sutterella,,anaerobe,Unknown,0
Pseudomonadota,Gammaproteobacteria,Enterobacterales,Enterobacteriaceae,Enterobacter,Aerogenes,aerobe,alkaliphile,0
Bacteroidota,Bacteroidia,Bacteroidales,Bacteroidaceae,Bacteroides,Uniformis,anaerobe,alkaliphile,0
Euryarchaeota,Methanobacteria,Methanobacteriales,Methanobacteriaceae,Methanobacterium,Bryantii,anaerobe,alkaliphile,0
Pseudomonadota,Gammaproteobacteria,Enterobacterales,Enterobacteriaceae,Enterobacter,Aerogenes,aerobe,alkaliphile,0
Pseudomonadota,Gammaproteobacteria,Enterobacterales,Enterobacteriaceae,Enterobacter,Aerogenes,aerobe,alkaliphile,0
Bacillota,Erysipelotrichia,Erysipelotrichales,Erysipelotrichaceae,Bulleidia,Moorei,anaerobe,Unknown,Unknown
Thermodesulfobacteriota,Desulfobulbia,Desulfobulbales,Desulfobulbaceae,Desulfobulbus,,anaerobe,alkaliphile,0
Pseudomonadota,Gammaproteobacteria,Pseudomonadales,Pseudomonadaceae,Pseudomonas,Alcaligenes,aerobe,alkaliphile,0
Campylobacterota,Epsilonproteobacteria,Campylobacterales,Campylobacteraceae,Campylobacter,Ureolyticus,microaerophile,acidophile,0
Bacillota,Clostridia,Lachnospirales,Lachnospiraceae,Roseburia,Faecis,anaerobe,Unknown,Unknown
Bacteroidota,Bacteroidia,Bacteroidales,Tannerellaceae,Parabacteroides,Distasonis,anaerobe,alkaliphile,0
Bacillota,Bacilli,Lactobacillales,Streptococcaceae,Streptococcus,Equi,facultative anaerobe,alkaliphile,0
Streptophyta,Magnoliopsida,Fabales,Fabaceae,Rothia,Mucilaginosa,aerobe,alkaliphile,0
Cyanobacteriota,Cyanophyceae,Gloeobacterales,Gloeobacteraceae,Gloeobacter,Violaceus,Unknown,Unknown,Unknown
Cyanobacteriota,Cyanophyceae,Gloeobacterales,Gloeobacteraceae,Gloeobacter,Violaceus,Unknown,Unknown,Unknown
Bacillota,Clostridia,Eubacteriales,Clostridiaceae,Clostridium,Perfringens,anaerobe,alkaliphile,1
Bacteroidota,Bacteroidia,Bacteroidales,Bacteroidaceae,Bacteroides,Caccae,anaerobe,alkaliphile,0
Pseudomonadota,Gammaproteobacteria,Moraxellales,Moraxellaceae,Acinetobacter,Lwoffii,aerobe,alkaliphile,0
Thermodesulfobacteriota,Desulfovibrionia,Desulfovibrionales,Desulfovibrionaceae,Bilophila,,anaerobe,Unknown,Unknown
Bacillota,Bacilli,Lactobacillales,Lactobacillaceae,Weissella,Beninensis,anaerobe,alkaliphile,0
Pseudomonadota,Gammaproteobacteria,Lysobacterales,Lysobacteraceae,Stenotrophomonas,Acidaminiphila,aerobe,alkaliphile,0
Bacteroidota,Bacteroidia,Bacteroidales,Bacteroidaceae,Bacteroides,Ovatus,anaerobe,alkaliphile,0
Bacillota,Clostridia,Lachnospirales,Lachnospiraceae,Coprococcus,Eutactus,Unknown,Unknown,Unknown
Actinomycetota,Actinomycetes,Bifidobacteriales,Bifidobacteriaceae,Bifidobacterium,Adolescentis,anaerobe,acidophile,0
Bacteroidota,Bacteroidia,Bacteroidales,Bacteroidaceae,Bacteroides,Fragilis,anaerobe,alkaliphile,0
Actinomycetota,Actinomycetes,Bifidobacteriales,Bifidobacteriaceae,Bifidobacterium,Adolescentis,anaerobe,acidophile,0
Pseudomonadota,Gammaproteobacteria,Enterobacterales,Enterobacteriaceae,Enterobacter,Aerogenes,aerobe,alkaliphile,0
Bacteroidota,Bacteroidia,Bacteroidales,Porphyromonadaceae,Porphyromonas,Endodontalis,anaerobe,Unknown,0
Bacillota,Clostridia,Eubacteriales,Clostridiaceae,Oxobacter,,anaerobe,Unknown,Unknown
Mycoplasmatota,Mollicutes,Acholeplasmatales,Acholeplasmataceae,Acholeplasma,,facultative anaerobe,Unknown,Unknown
Bacillota,Clostridia,Eubacteriales,Clostridiaceae,Clostridium,Fimetarium,anaerobe,alkaliphile,1
Bacillota,Clostridia,Eubacteriales,Eubacteriales Family XII. Incertae Sedis,Fusibacter,,anaerobe,Unknown,0
Cyanobacteriota,Cyanophyceae,Gloeobacterales,Gloeobacteraceae,Gloeobacter,Violaceus,Unknown,Unknown,Unknown
Actinomycetota,Coriobacteriia,Coriobacteriales,Atopobiaceae,Atopobium,Rimae,anaerobe,Unknown,Unknown
Actinomycetota,Actinomycetes,Bifidobacteriales,Bifidobacteriaceae,Bifidobacterium,Longum,anaerobe,acidophile,0
Bacteroidota,Bacteroidia,Bacteroidales,Bacteroidaceae,Bacteroides,Plebeius,anaerobe,alkaliphile,0
Actinomycetota,Actinomycetes,Bifidobacteriales,Bifidobacteriaceae,Bifidobacterium,Adolescentis,anaerobe,acidophile,0
Actinomycetota,Coriobacteriia,Coriobacteriales,Coriobacteriaceae,Collinsella,Aerofaciens,anaerobe,Unknown,0
Bacillota,Clostridia,Eubacteriales,Oscillospiraceae,Faecalibacterium,Prausnitzii,anaerobe,Unknown,Unknown
Pseudomonadota,Gammaproteobacteria,Enterobacterales,Enterobacteriaceae,Enterobacter,Aerogenes,aerobe,alkaliphile,0
Bacteroidota,Bacteroidia,Bacteroidales,Prevotellaceae,Prevotella,Melaninogenica,anaerobe,alkaliphile,0
Bacillota,Clostridia,Eubacteriales,Oscillospiraceae,Ethanoligenens,,anaerobe,alkaliphile,0
Bacillota,Clostridia,Eubacteriales,Clostridiaceae,Clostridium,Aminophilum,anaerobe,alkaliphile,1
Bacillota,Bacilli,Lactobacillales,Carnobacteriaceae,Granulicatella,,anaerobe,Unknown,Unknown
Bacteroidota,Bacteroidia,Bacteroidales,Odoribacteraceae,Odoribacter,,anaerobe,Unknown,0
Bacillota,Clostridia,Lachnospirales,Lachnospiraceae,Marvinbryantia,Formatexigens,anaerobe,Unknown,Unknown
Cyanobacteriota,Cyanophyceae,Gloeobacterales,Gloeobacteraceae,Gloeobacter,Violaceus,Unknown,Unknown,Unknown
Pseudomonadota,Betaproteobacteria,Rhodocyclales,Azonexaceae,Dechloromonas,,aerobe,Unknown,Unknown
Bacillota,Tissierellia,Tissierellales,Peptoniphilaceae,Peptoniphilus,,anaerobe,alkaliphile,0
Bacteroidota,Bacteroidia,Bacteroidales,Prevotellaceae,Paraprevotella,,anaerobe,Unknown,0
Actinomycetota,Coriobacteriia,Eggerthellales,Eggerthellaceae,Slackia,,anaerobe,Unknown,0
Bacteroidota,Bacteroidia,Bacteroidales,Prevotellaceae,Prevotella,Nigrescens,anaerobe,alkaliphile,0
Bacillota,Negativicutes,Veillonellales,Veillonellaceae,Veillonella,Dispar,anaerobe,alkaliphile,0
Bacteroidota,Bacteroidia,Bacteroidales,Prevotellaceae,Prevotella,Stercorea,anaerobe,alkaliphile,0
Bacillota,Clostridia,Eubacteriales,Peptococcaceae,Peptococcus,,anaerobe,Unknown,0
Bacteroidota,Bacteroidia,Bacteroidales,Bacteroidaceae,Bacteroides,Acidifaciens,anaerobe,alkaliphile,0
Pseudomonadota,Gammaproteobacteria,Enterobacterales,Enterobacteriaceae,Enterobacter,Aerogenes,aerobe,alkaliphile,0
Bacteroidota,Bacteroidia,Bacteroidales,Odoribacteraceae,Butyricimonas,,anaerobe,Unknown,0
Bacillota,Clostridia,Eubacteriales,Clostridiaceae,Clostridium,Aminophilum,anaerobe,alkaliphile,1
Bacillota,Clostridia,Eubacteriales,Clostridiaceae,Clostridium,Ruminantium,anaerobe,alkaliphile,1
Bacillota,Clostridia,Lachnospirales,Lachnospiraceae,Lachnobacterium,,anaerobe,Unknown,Unknown
Bacillota,Clostridia,Eubacteriales,Eubacteriaceae,Eubacterium,Cylindroides,anaerobe,Unknown,0
Bacteroidota,Bacteroidia,Bacteroidales,Tannerellaceae,Tannerella,,anaerobe,Unknown,Unknown
Actinomycetota,Coriobacteriia,Coriobacteriales,Coriobacteriaceae,Collinsella,Stercoris,anaerobe,Unknown,0
Bacillota,Clostridia,Eubacteriales,Oscillospiraceae,Ruminococcus,Bromii,anaerobe,Unknown,0
Pseudomonadota,Gammaproteobacteria,Enterobacterales,Enterobacteriaceae,Enterobacter,Aerogenes,aerobe,alkaliphile,0
Bacteroidota,Bacteroidia,Bacteroidales,Dysgonomonadaceae,Dysgonomonas,Gadei,anaerobe,Unknown,0
Bacillota,Clostridia,Eubacteriales,Eubacteriaceae,Eubacterium,Biforme,anaerobe,Unknown,0
Bacillota,Negativicutes,Veillonellales,Veillonellaceae,Veillonella,Parvula,aerobe,alkaliphile,0
Bacillota,Negativicutes,Selenomonadales,Selenomonadaceae,Megamonas,Hypermegale,anaerobe,alkaliphile,0
Bacillota,Clostridia,Eubacteriales,Clostridiaceae,Clostridium,Colinum,anaerobe,alkaliphile,1
Bacillota,Negativicutes,Selenomonadales,Sporomusaceae,Pelosinus,,anaerobe,alkaliphile,1
Bacillota,Negativicutes,Veillonellales,Veillonellaceae,Dialister,,anaerobe,Unknown,0
Bacillota,Clostridia,Eubacteriales,Eubacteriaceae,Eubacterium,Dolichum,anaerobe,Unknown,0
Bacillota,Clostridia,Lachnospirales,Lachnospiraceae,Shuttleworthia,Satelles,Unknown,Unknown,Unknown
Nitrososphaerota,Nitrososphaeria,Nitrososphaerales,Nitrososphaeraceae,Nitrososphaera,Gargensis,Unknown,Unknown,Unknown
Actinomycetota,Actinomycetes,Actinomycetales,Actinomycetaceae,Actinomyces,Hyovaginalis,anaerobe,alkaliphile,0
Bacillota,Bacilli,Bacillales,Staphylococcaceae,Staphylococcus,Aureus,aerobe,alkaliphile,0
Pseudomonadota,Gammaproteobacteria,Aeromonadales,Succinivibrionaceae,Succinivibrio,,anaerobe,Unknown,Unknown
Bacteroidota,Bacteroidia,Bacteroidales,Porphyromonadaceae,Candidatus Azobacteroides,,Unknown,Unknown,Unknown
Bacillota,Clostridia,Lachnospirales,Lachnospiraceae,Syntrophococcus,Sucromutans,anaerobe,Unknown,Unknown
Pseudomonadota,Gammaproteobacteria,Enterobacterales,Enterobacteriaceae,Enterobacter,Aerogenes,aerobe,alkaliphile,0
Nitrososphaerota,Nitrososphaeria,Nitrososphaerales,Nitrososphaeraceae,Nitrososphaera,Gargensis,Unknown,Unknown,Unknown
Bacillota,Clostridia,Lutisporales,Lutisporaceae,Lutispora,,anaerobe,alkaliphile,1
Bacteroidota,Bacteroidia,Bacteroidales,Bacteroidaceae,Bacteroides,Barnesiae,anaerobe,alkaliphile,0
Bacillota,Negativicutes,Selenomonadales,Sporomusaceae,Sporomusa,Polytropa,anaerobe,Unknown,Unknown
Bacteroidota,Bacteroidia,Bacteroidales,Prevotellaceae,Prevotella,Nanceiensis,anaerobe,alkaliphile,0
Bacillota,Clostridia,Eubacteriales,Clostridiaceae,Clostridium,Difficile,anaerobe,alkaliphile,1
Bacillota,Clostridia,Eubacteriales,Caldicoprobacteraceae,Caldicoprobacter,,anaerobe,alkaliphile,0
Pseudomonadota,Betaproteobacteria,Burkholderiales,Comamonadaceae,Ramlibacter,,aerobe,alkaliphile,Unknown
Cyanobacteriota,Cyanophyceae,Gloeobacterales,Gloeobacteraceae,Gloeobacter,Violaceus,Unknown,Unknown,Unknown
Bacillota,Clostridia,Eubacteriales,Clostridiaceae,Clostridium,Aminophilum,anaerobe,alkaliphile,1
Bacillota,Clostridia,Eubacteriales,Clostridiaceae,Clostridium,Hiranonis,anaerobe,alkaliphile,1
Actinomycetota,Actinomycetes,Micrococcales,Micrococcaceae,Arthrobacter,Castelli,aerobe,alkaliphile,0
Pseudomonadota,Betaproteobacteria,Burkholderiales,Comamonadaceae,Comamonas,,aerobe,alkaliphile,0
Actinomycetota,Actinomycetes,Bifidobacteriales,Bifidobacteriaceae,Bifidobacterium,Adolescentis,anaerobe,acidophile,0
Bacteroidota,Bacteroidia,Bacteroidales,Bacteroidaceae,Bacteroides,Acidifaciens,anaerobe,alkaliphile,0
Bacteroidota,Bacteroidia,Bacteroidales,Bacteroidaceae,Bacteroides,Eggerthii,anaerobe,alkaliphile,0
Chlorobiota,Chlorobiia,Chlorobiales,Chloroherpetonaceae,Chloroherpeton,,Unknown,Unknown,Unknown
Bacteroidota,Bacteroidia,Bacteroidales,Bacteroidaceae,Bacteroides,Acidifaciens,anaerobe,alkaliphile,0
Bacillota,Tissierellia,Tissierellales,Tepidimicrobiaceae,Tepidimicrobium,,anaerobe,alkaliphile,1
Bacillota,Clostridia,Lachnospirales,Lachnospiraceae,Pseudobutyrivibrio,,anaerobe,Unknown,Unknown
Bacillota,Clostridia,Lachnospirales,Lachnospiraceae,Moryella,Indoligenes,anaerobe,Unknown,0
Bacillota,Clostridia,Eubacteriales,Oscillospiraceae,Ruminococcus,Torques,anaerobe,Unknown,0
Pseudomonadota,Gammaproteobacteria,Enterobacterales,Enterobacteriaceae,Enterobacter,Aerogenes,aerobe,alkaliphile,0
Bacillota,Clostridia,Eubacteriales,Clostridiaceae,Clostridium,Aminophilum,anaerobe,alkaliphile,1
Bacteroidota,Bacteroidia,Bacteroidales,Bacteroidaceae,Bacteroides,Coprophilus,anaerobe,alkaliphile,0
Streptophyta,Magnoliopsida,Myrtales,Onagraceae,Oenothera,Berteroana,Unknown,Unknown,Unknown
Pseudomonadota,Gammaproteobacteria,Enterobacterales,Enterobacteriaceae,Enterobacter,Aerogenes,aerobe,alkaliphile,0
Arthropoda,Insecta,Lepidoptera,Geometridae,Victoria,Amazonica,Unknown,Unknown,Unknown
Streptophyta,Magnoliopsida,Proteales,Nelumbonaceae,Nelumbo,Nucifera,Unknown,Unknown,Unknown
Actinomycetota,Actinomycetes,Bifidobacteriales,Bifidobacteriaceae,Bifidobacterium,Adolescentis,anaerobe,acidophile,0
Actinomycetota,Actinomycetes,Bifidobacteriales,Bifidobacteriaceae,Bifidobacterium,Breve,anaerobe,acidophile,0
Bacteroidota,Sphingobacteriia,Sphingobacteriales,Sphingobacteriaceae,Olivibacter,Sitiensis,aerobe,alkaliphile,0
Bacillota,Clostridia,Eubacteriales,Clostridiaceae,Clostridium,Aminophilum,anaerobe,alkaliphile,1
Pseudomonadota,Gammaproteobacteria,Enterobacterales,Enterobacteriaceae,Enterobacter,Aerogenes,aerobe,alkaliphile,0
Actinomycetota,Actinomycetes,Micrococcales,Micrococcaceae,Nesterenkonia,,aerobe,alkaliphile,0
Myxococcota,Myxococcia,Myxococcales,Anaeromyxobacteraceae,Anaeromyxobacter,,anaerobe,Unknown,Unknown
Bacillota,Erysipelotrichia,Erysipelotrichales,Erysipelotrichaceae,Allobaculum,,anaerobe,Unknown,Unknown
Bacteroidota,Flavobacteriia,Flavobacteriales,Flavobacteriaceae,Krokinobacter,Genikus,Unknown,Unknown,Unknown
Bacillota,Clostridia,Eubacteriales,Oscillospiraceae,Anaerofilum,,anaerobe,Unknown,Unknown
Bacillota,Negativicutes,Selenomonadales,Selenomonadaceae,Pectinatus,,anaerobe,alkaliphile,0
Bacteroidota,Bacteroidia,Bacteroidales,Bacteroidaceae,Bacteroides,Acidifaciens,anaerobe,alkaliphile,0
Actinomycetota,Actinomycetes,Propionibacteriales,Propionibacteriaceae,Propionibacterium,Acnes,anaerobe,alkaliphile,0
Pseudomonadota,Gammaproteobacteria,Enterobacterales,Enterobacteriaceae,Enterobacter,Aerogenes,aerobe,alkaliphile,0
Pseudomonadota,Betaproteobacteria,Burkholderiales,Comamonadaceae,Hydrogenophaga,,aerobe,alkaliphile,0
Actinomycetota,Actinomycetes,Bifidobacteriales,Bifidobacteriaceae,Bifidobacterium,Bifidum,anaerobe,acidophile,0
Pseudomonadota,Gammaproteobacteria,Pasteurellales,Pasteurellaceae,Mannheimia,,microaerophile,acidophile,0
Bacillota,Erysipelotrichia,Erysipelotrichales,Turicibacteraceae,Turicibacter,,anaerobe,Unknown,Unknown
Bacillota,Clostridia,Peptostreptococcales,Tindalliaceae,Tindallia,,anaerobe,Unknown,Unknown
Bacteroidota,Bacteroidia,Bacteroidales,Bacteroidaceae,Bacteroides,Acidifaciens,anaerobe,alkaliphile,0
Pseudomonadota,Betaproteobacteria,Burkholderiales,Sphaerotilaceae,Methylibium,,anaerobe,alkaliphile,0
Pseudomonadota,Gammaproteobacteria,Enterobacterales,Enterobacteriaceae,Enterobacter,Aerogenes,aerobe,alkaliphile,0
Pseudomonadota,Gammaproteobacteria,Pasteurellales,Pasteurellaceae,Haemophilus,Parainfluenzae,microaerophile,Unknown,0
Bacteroidota,Bacteroidia,Bacteroidales,Rikenellaceae,Alistipes,Indistinctus,anaerobe,Unknown,0
Pseudomonadota,Betaproteobacteria,Nitrosomonadales,Thiobacillaceae,Thiobacillus,,anaerobe,alkaliphile,0
Bacillota,Clostridia,Eubacteriales,Syntrophomonadaceae,Syntrophomonas,,anaerobe,alkaliphile,0
Pseudomonadota,Betaproteobacteria,Burkholderiales,Oxalobacteraceae,Oxalobacter,Formigenes,anaerobe,Unknown,Unknown
Bacillota,Clostridia,Eubacteriales,Clostridiaceae,Clostridium,Aminophilum,anaerobe,alkaliphile,1
Pseudomonadota,Gammaproteobacteria,Enterobacterales,Enterobacteriaceae,Enterobacter,Aerogenes,aerobe,alkaliphile,0
Pseudomonadota,Betaproteobacteria,Burkholderiales,Oxalobacteraceae,Herminiimonas,,aerobe,alkaliphile,0
Pseudomonadota,Gammaproteobacteria,Enterobacterales,Enterobacteriaceae,Klebsiella,Oxytoca,aerobe,Unknown,0
Bacillota,Tissierellia,Tissierellales,Peptoniphilaceae,Helcococcus,,anaerobe,Unknown,0
Pseudomonadota,Betaproteobacteria,Burkholderiales,Comamonadaceae,Hylemonella,,aerobe,Unknown,Unknown
Actinomycetota,Actinomycetes,Pseudonocardiales,Pseudonocardiaceae,Prauserella,Rugosa,aerobe,alkaliphile,1
Bacillota,Clostridia,Lachnospirales,Lachnospiraceae,Oribacterium,,anaerobe,Unknown,0
Pseudomonadota,Betaproteobacteria,Burkholderiales,Comamonadaceae,Variovorax,Paradoxus,aerobe,alkaliphile,0
Bacteroidota,Bacteroidia,Bacteroidales,Bacteroidaceae,Bacteroides,Coprosuis,anaerobe,alkaliphile,0
Pseudomonadota,Gammaproteobacteria,Enterobacterales,Enterobacteriaceae,Enterobacter,Aerogenes,aerobe,alkaliphile,0
Pseudomonadota,Gammaproteobacteria,Pasteurellales,Pasteurellaceae,Haemophilus,Felis,microaerophile,Unknown,0
Pseudomonadota,Gammaproteobacteria,Pasteurellales,Pasteurellaceae,Aggregatibacter,Pneumotropica,microaerophile,Unknown,Unknown
Pseudomonadota,Gammaproteobacteria,Enterobacterales,Enterobacteriaceae,Citrobacter,Freundii,aerobe,alkaliphile,0
Pseudomonadota,Gammaproteobacteria,Enterobacterales,Enterobacteriaceae,Enterobacter,Aerogenes,aerobe,alkaliphile,0
Pseudomonadota,Gammaproteobacteria,Enterobacterales,Enterobacteriaceae,Enterobacter,Aerogenes,aerobe,alkaliphile,0
Bacteroidota,Bacteroidia,Bacteroidales,Bacteroidaceae,Bacteroides,Acidifaciens,anaerobe,alkaliphile,0
Bacillota,Clostridia,Eubacteriales,Clostridiaceae,Caloramator,,anaerobe,alkaliphile,0
Bacillota,Clostridia,Eubacteriales,Clostridiaceae,Clostridium,Butyricum,anaerobe,alkaliphile,1
Bacteroidota,Bacteroidia,Bacteroidales,Bacteroidaceae,Bacteroides,Acidifaciens,anaerobe,alkaliphile,0
Bacillota,Clostridia,Eubacteriales,Clostridiaceae,Clostridium,Intestinale,anaerobe,alkaliphile,1
Actinomycetota,Coriobacteriia,Coriobacteriales,Atopobiaceae,Atopobium,Vaginae,anaerobe,Unknown,Unknown
Pseudomonadota,Gammaproteobacteria,Enterobacterales,Enterobacteriaceae,Enterobacter,Aerogenes,aerobe,alkaliphile,0
Bacillota,Bacilli,Bacillales,Paenibacillaceae,Brevibacillus,Laterosporus,aerobe,alkaliphile,1
Pseudomonadota,Betaproteobacteria,Burkholderiales,Comamonadaceae,Acidovorax,Wohlfahrtii,aerobe,alkaliphile,0
Pseudomonadota,Gammaproteobacteria,Pasteurellales,Pasteurellaceae,Actinobacillus,Parahaemolyticus,facultative anaerobe,Unknown,Unknown
Pseudomonadota,Gammaproteobacteria,Enterobacterales,Enterobacteriaceae,Enterobacter,Aerogenes,aerobe,alkaliphile,0
Bacillota,Clostridia,Eubacteriales,Desulfallaceae,Sporotomaculum,,anaerobe,Unknown,Unknown
Bacillota,Clostridia,Eubacteriales,Oscillospiraceae,Papillibacter,Cinnamivorans,anaerobe,Unknown,Unknown
Pseudomonadota,Betaproteobacteria,Burkholderiales,Alcaligenaceae,Denitrobacter,,anaerobe,Unknown,Unknown
Bacillota,Clostridia,Eubacteriales,Clostridiaceae,Clostridium,Aminophilum,anaerobe,alkaliphile,1
Bacteroidota,Bacteroidia,Bacteroidales,Bacteroidaceae,Bacteroides,Acidifaciens,anaerobe,alkaliphile,0
Pseudomonadota,Betaproteobacteria,Burkholderiales,Comamonadaceae,Thiomonas,Cuprina,aerobe,acidophile,0
Pseudomonadota,Gammaproteobacteria,Enterobacterales,Enterobacteriaceae,Enterobacter,Aerogenes,aerobe,alkaliphile,0
Pseudomonadota,Betaproteobacteria,Burkholderiales,Comamonadaceae,Limnohabitans,Curvus,aerobe,Unknown,Unknown
Bacteroidota,Bacteroidia,Bacteroidales,Bacteroidaceae,Bacteroides,Acidifaciens,anaerobe,alkaliphile,0
Pseudomonadota,Gammaproteobacteria,Enterobacterales,Enterobacteriaceae,Enterobacter,Aerogenes,aerobe,alkaliphile,0
Actinomycetota,Actinomycetes,Bifidobacteriales,Bifidobacteriaceae,Bifidobacterium,Adolescentis,anaerobe,acidophile,0
Bacillota,Clostridia,Eubacteriales,Clostridiaceae,Clostridium,Aminophilum,anaerobe,alkaliphile,1
Pseudomonadota,Gammaproteobacteria,Enterobacterales,Enterobacteriaceae,Enterobacter,Aerogenes,aerobe,alkaliphile,0
Bacillota,Clostridia,Eubacteriales,Clostridiaceae,Clostridium,Aminophilum,anaerobe,alkaliphile,1
Pseudomonadota,Gammaproteobacteria,Enterobacterales,Enterobacteriaceae,Enterobacter,Aerogenes,aerobe,alkaliphile,0
Actinomycetota,Actinomycetes,Micromonosporales,Micromonosporaceae,Salinispora,Tropica,aerobe,Unknown,0
Pseudomonadota,Gammaproteobacteria,Lysobacterales,Lysobacteraceae,Thermomonas,,aerobe,alkaliphile,0
Pseudomonadota,Betaproteobacteria,Burkholderiales,Oxalobacteraceae,Janthinobacterium,Lividum,aerobe,Unknown,Unknown
Pseudomonadota,Gammaproteobacteria,Enterobacterales,Enterobacteriaceae,Enterobacter,Aerogenes,aerobe,alkaliphile,0
Bacillota,Clostridia,Eubacteriales,Clostridiaceae,Sarcina,,anaerobe,Unknown,Unknown
Pseudomonadota,Alphaproteobacteria,Sphingomonadales,Sphingomonadaceae,Sphingomonas,Yabuuchiae,aerobe,alkaliphile,0
Synergistota,Synergistia,Synergistales,Acetomicrobiaceae,Acetomicrobium,Acetomicrobium hydrogeniformans,anaerobe,alkaliphile,0
Bacteroidota,Bacteroidia,Bacteroidales,Bacteroidaceae,Bacteroides,Acidifaciens,anaerobe,alkaliphile,0
Pseudomonadota,Betaproteobacteria,Burkholderiales,Burkholderiaceae,Lautropia,,aerobe,Unknown,Unknown
Arthropoda,Insecta,Coleoptera,Lampyridae,Serratia,Marcescens,aerobe,alkaliphile,0
Pseudomonadota,Betaproteobacteria,Rhodocyclales,Rhodocyclaceae,Propionivibrio,,anaerobe,Unknown,Unknown
Thermodesulfobacteriota,Desulfovibrionia,Desulfovibrionales,Desulfovibrionaceae,Desulfovibrio,Vulgaris,anaerobe,alkaliphile,0
Bacteroidota,Bacteroidia,Bacteroidales,Bacteroidaceae,Bacteroides,Acidifaciens,anaerobe,alkaliphile,0
Bacillota,Clostridia,Eubacteriales,Clostridiaceae,Clostridium,Gasigenes,anaerobe,alkaliphile,1
Bacillota,Clostridia,Caldicellulosiruptorales,Caldicellulosiruptoraceae,Caldicellulosiruptor,Saccharolyticus,anaerobe,alkaliphile,0
Synergistota,Synergistia,Synergistales,Dethiosulfovibrionaceae,Pyramidobacter,Piscolens,anaerobe,Unknown,Unknown
Bacillota,Clostridia,Eubacteriales,Oscillospiraceae,Anaerotruncus,,anaerobe,alkaliphile,0
Pseudomonadota,Betaproteobacteria,Burkholderiales,Alcaligenaceae,Pigmentiphaga,,aerobe,alkaliphile,0
Cyanobacteriota,Cyanophyceae,Gloeobacterales,Gloeobacteraceae,Gloeobacter,Violaceus,Unknown,Unknown,Unknown
Nitrospirota,Nitrospiria,Nitrospirales,Nitrospiraceae,Nitrospira,,Unknown,Unknown,Unknown
Chlorobiota,Chlorobiia,Chlorobiales,Chlorobiaceae,Chlorobium,Chlorochromatii,anaerobe,Unknown,Unknown
Bacillota,Erysipelotrichia,Erysipelotrichales,Coprobacillaceae,Coprobacillus,Cateniformis,anaerobe,Unknown,Unknown
Bacillota,Clostridia,Eubacteriales,Gracilibacteraceae,Gracilibacter,,anaerobe,Unknown,Unknown
Bacillota,Bacilli,Lactobacillales,Streptococcaceae,Lactococcus,Garvieae,facultative anaerobe,alkaliphile,0
Pseudomonadota,Gammaproteobacteria,Enterobacterales,Enterobacteriaceae,Enterobacter,Aerogenes,aerobe,alkaliphile,0
Pseudomonadota,Betaproteobacteria,Burkholderiales,Burkholderiaceae,Burkholderia,Andropogonis,aerobe,Unknown,0
Pseudomonadota,Betaproteobacteria,Burkholderiales,Comamonadaceae,Tepidimonas,,aerobe,alkaliphile,Unknown
Pseudomonadota,Gammaproteobacteria,Enterobacterales,Enterobacteriaceae,Enterobacter,Aerogenes,aerobe,alkaliphile,0
Pseudomonadota,Gammaproteobacteria,Enterobacterales,Enterobacteriaceae,Enterobacter,Aerogenes,aerobe,alkaliphile,0
Pseudomonadota,Gammaproteobacteria,Enterobacterales,Enterobacteriaceae,Enterobacter,Aerogenes,aerobe,alkaliphile,0
Pseudomonadota,Gammaproteobacteria,Enterobacterales,Enterobacteriaceae,Enterobacter,Aerogenes,aerobe,alkaliphile,0
Bdellovibrionota,Bdellovibrionia,Bdellovibrionales,Pseudobdellovibrionaceae,Bdellovibrio,,Unknown,Unknown,Unknown
Bacillota,Tissierellia,Tissierellales,Peptoniphilaceae,Parvimonas,,anaerobe,Unknown,Unknown
Pseudomonadota,Gammaproteobacteria,Enterobacterales,Enterobacteriaceae,Enterobacter,Aerogenes,aerobe,alkaliphile,0
Pseudomonadota,Gammaproteobacteria,Pasteurellales,Pasteurellaceae,Pasteurella,Skyensis,facultative anaerobe,Unknown,Unknown
Bacillota,Negativicutes,Selenomonadales,Selenomonadaceae,Selenomonas,Ruminantium,anaerobe,Unknown,0
Bacillota,Clostridia,Lachnospirales,Lachnospiraceae,Hespellia,Stercorisuis,anaerobe,Unknown,0
Pseudomonadota,Gammaproteobacteria,Aeromonadales,Aeromonadaceae,Tolumonas,,aerobe,alkaliphile,Unknown
Bacillota,Clostridia,Eubacteriales,Desulfotomaculaceae,Desulfotomaculum,,anaerobe,alkaliphile,1
Pseudomonadota,Gammaproteobacteria,Enterobacterales,Enterobacteriaceae,Enterobacter,Aerogenes,aerobe,alkaliphile,0
Bacillota,Bacilli,Bacillales,Alicyclobacillaceae,Alicyclobacillus,Pomorum,aerobe,acidophile,1
Pseudomonadota,Gammaproteobacteria,Aeromonadales,Succinivibrionaceae,Succinatimonas,Hippei,anaerobe,Unknown,0
Pseudomonadota,Betaproteobacteria,Burkholderiales,Sphaerotilaceae,Roseateles,Depolymerans,aerobe,alkaliphile,0
Bacillota,Clostridia,Eubacteriales,Clostridiaceae,Clostridium,Aminophilum,anaerobe,alkaliphile,1
Bacteroidota,Bacteroidia,Bacteroidales,Rikenellaceae,Rikenella,,anaerobe,Unknown,Unknown
Pseudomonadota,Betaproteobacteria,Burkholderiales,Comamonadaceae,Acidovorax,Delafieldii,aerobe,alkaliphile,0
Verrucomicrobiota,Verrucomicrobiia,Verrucomicrobiales,Verrucomicrobiaceae,Verrucomicrobium,,aerobe,Unknown,Unknown
Bacillota,Bacilli,Bacillales,Alicyclobacillaceae,Alicyclobacillus,Cycloheptanicus,aerobe,acidophile,1
Bacillota,Clostridia,Eubacteriales,Clostridiaceae,Clostridium,Celatum,anaerobe,alkaliphile,1
Bacillota,Clostridia,Eubacteriales,Desulfitobacteriaceae,Desulfosporosinus,Meridiei,anaerobe,Unknown,1
Bacillota,Tissierellia,Tissierellales,Tissierellaceae,Sedimentibacter,,anaerobe,alkaliphile,0
Pseudomonadota,Gammaproteobacteria,Enterobacterales,Enterobacteriaceae,Enterobacter,Aerogenes,aerobe,alkaliphile,0
Actinomycetota,Actinomycetes,Bifidobacteriales,Bifidobacteriaceae,Bifidobacterium,Adolescentis,anaerobe,acidophile,0
Bacillota,Clostridia,Lachnospirales,Lachnospiraceae,Robinsoniella,Peoriensis,anaerobe,Unknown,1
Bacillota,Clostridia,Eubacteriales,Clostridiaceae,Clostridium,Aminophilum,anaerobe,alkaliphile,1
Pseudomonadota,Acidithiobacillia,Acidithiobacillales,Acidithiobacillaceae,Acidithiobacillus,Albertensis,facultative anaerobe,acidophile,0
Bacillota,Erysipelotrichia,Erysipelotrichales,Erysipelotrichaceae,Holdemania,,anaerobe,Unknown,Unknown
Bacillota,Clostridia,Eubacteriales,Clostridiaceae,Clostridium,Aminophilum,anaerobe,alkaliphile,1
Pseudomonadota,Gammaproteobacteria,Pasteurellales,Pasteurellaceae,Actinobacillus,Delphinicola,facultative anaerobe,Unknown,Unknown
Bacillota,Bacilli,Lactobacillales,Enterococcaceae,Vagococcus,,aerobe,alkaliphile,0
Bacillota,Bacilli,Bacillales,Gemellaceae,Gemella,,anaerobe,Unknown,Unknown
Bacillota,Clostridia,Eubacteriales,Clostridiaceae,Clostridium,Methylpentosum,anaerobe,alkaliphile,1
Pseudomonadota,Gammaproteobacteria,Enterobacterales,Enterobacteriaceae,Enterobacter,Aerogenes,aerobe,alkaliphile,0
Pseudomonadota,Gammaproteobacteria,Enterobacterales,Enterobacteriaceae,Enterobacter,Aerogenes,aerobe,alkaliphile,0
Bacillota,Clostridia,Eubacteriales,Clostridiaceae,Clostridium,Aminophilum,anaerobe,alkaliphile,1
Pseudomonadota,Gammaproteobacteria,Enterobacterales,Enterobacteriaceae,Enterobacter,Aerogenes,aerobe,alkaliphile,0
Bacillota,Erysipelotrichia,Erysipelotrichales,Coprobacillaceae,Sharpea,,anaerobe,Unknown,0
Pseudomonadota,Betaproteobacteria,Burkholderiales,Comamonadaceae,Delftia,,aerobe,alkaliphile,0
Pseudomonadota,Gammaproteobacteria,Cellvibrionales,Halieaceae,Congregibacter,,microaerophile,alkaliphile,0
Actinomycetota,Actinomycetes,Mycobacteriales,Mycobacteriaceae,Mycobacterium,,aerobe,alkaliphile,0
Pseudomonadota,Gammaproteobacteria,Enterobacterales,Enterobacteriaceae,Enterobacter,Aerogenes,aerobe,alkaliphile,0
Pseudomonadota,Gammaproteobacteria,Enterobacterales,Enterobacteriaceae,Enterobacter,Aerogenes,aerobe,alkaliphile,0
Pseudomonadota,Gammaproteobacteria,Pasteurellales,Pasteurellaceae,Chelonobacter,,aerobe,Unknown,Unknown
Campylobacterota,Epsilonproteobacteria,Campylobacterales,Sulfurospirillaceae,Sulfurospirillum,,anaerobe,Unknown,Unknown
Pseudomonadota,Betaproteobacteria,Burkholderiales,Burkholderiaceae,Ralstonia,,aerobe,Unknown,Unknown
Pseudomonadota,Betaproteobacteria,Nitrosomonadales,Gallionellaceae,Gallionella,,Unknown,Unknown,Unknown
Pseudomonadota,Gammaproteobacteria,Enterobacterales,Erwiniaceae,Erwinia,Chrysanthemi,facultative anaerobe,alkaliphile,0
Bacillota,Bacilli,Bacillales,Exiguobacteraceae,Exiguobacterium,,aerobe,alkaliphile,0
Pseudomonadota,Gammaproteobacteria,Enterobacterales,Hafniaceae,Hafnia,Alvei,aerobe,Unknown,0
Pseudomonadota,Gammaproteobacteria,Enterobacterales,Enterobacteriaceae,Enterobacter,Aerogenes,aerobe,alkaliphile,0
Pseudomonadota,Gammaproteobacteria,Enterobacterales,Enterobacteriaceae,Enterobacter,Aerogenes,aerobe,alkaliphile,0
Pseudomonadota,Betaproteobacteria,Burkholderiales,Sphaerotilaceae,Aquincola,Tertiaricarbonis,aerobe,alkaliphile,0
Bacillota,Clostridia,Eubacteriales,Butyricicoccaceae,Butyricicoccus,Pullicaecorum,anaerobe,acidophile,0
Pseudomonadota,Betaproteobacteria,Burkholderiales,Sphaerotilaceae,Rubrivivax,Gelatinosus,aerobe,Unknown,0
Pseudomonadota,Betaproteobacteria,Burkholderiales,Alcaligenaceae,Brackiella,Oedipodis,aerobe,Unknown,Unknown
Pseudomonadota,Gammaproteobacteria,Enterobacterales,Enterobacteriaceae,Plesiomonas,Shigelloides,aerobe,Unknown,0
Bacillota,Bacilli,Bacillales,Paenibacillaceae,Paenibacillus,Stellifer,aerobe,alkaliphile,1
Actinomycetota,Coriobacteriia,Coriobacteriales,Coriobacteriaceae,Coriobacterium,,anaerobe,Unknown,Unknown
Pseudomonadota,Betaproteobacteria,Nitrosomonadales,Methylophilaceae,Methylobacillus,,aerobe,alkaliphile,0
Pseudomonadota,Betaproteobacteria,Neisseriales,Neisseriaceae,Kingella,,aerobe,Unknown,0
Pseudomonadota,Gammaproteobacteria,Enterobacterales,Enterobacteriaceae,Enterobacter,Aerogenes,aerobe,alkaliphile,0
Bacillota,Clostridia,Eubacteriales,Clostridiaceae,Clostridium,Aminophilum,anaerobe,alkaliphile,1
Bacillota,Bacilli,Lactobacillales,Lactobacillaceae,Leuconostoc,,facultative anaerobe,alkaliphile,0
Actinomycetota,Actinomycetes,Bifidobacteriales,Bifidobacteriaceae,Bifidobacterium,Adolescentis,anaerobe,acidophile,0
Actinomycetota,Actinomycetes,Micrococcales,Microbacteriaceae,Microbacterium,,aerobe,alkaliphile,0
Bacillota,Bacilli,Bacillales,Planococcaceae,Rummeliibacillus,,aerobe,Unknown,1
Bacteroidota,Bacteroidia,Bacteroidales,Tannerellaceae,Parabacteroides,Gordonii,anaerobe,alkaliphile,0
Bacillota,Clostridia,Peptostreptococcales,Natronincolaceae,Alkaliphilus,Transvaalensis,anaerobe,alkaliphile,1
Bacillota,Bacilli,Bacillales,Staphylococcaceae,Salinicoccus,,aerobe,alkaliphile,0
Pseudomonadota,Alphaproteobacteria,Hyphomicrobiales,Methylobacteriaceae,Methylobacterium,Adhaesivum,aerobe,alkaliphile,0
Bacillota,Bacilli,Bacillales,Listeriaceae,Brochothrix,,aerobe,Unknown,Unknown
Bacillota,Clostridia,Eubacteriales,Clostridiaceae,Clostridium,Bifermentans,anaerobe,alkaliphile,1
Bacillota,Clostridia,Eubacteriales,Clostridiaceae,Proteiniclasticum,,anaerobe,alkaliphile,0
Bacillota,Tissierellia,Tissierellales,Thermohalobacteraceae,Clostridiisalibacter,,anaerobe,alkaliphile,1
Fusobacteriota,Fusobacteriia,Fusobacteriales,Leptotrichiaceae,Leptotrichia,,anaerobe,Unknown,0
Bacillota,Clostridia,Eubacteriales,Clostridiaceae,Clostridium,Metallolevans,anaerobe,alkaliphile,1
Pseudomonadota,Betaproteobacteria,Burkholderiales,Comamonadaceae,Giesbergeria,,aerobe,alkaliphile,0
Actinomycetota,Actinomycetes,Micrococcales,Microbacteriaceae,Aquiluna,Rubra,Unknown,Unknown,Unknown
Bacillota,Bacilli,Lactobacillales,Lactobacillaceae,Lactobacillus,Mucosae,anaerobe,acidophile,0
Bacillota,Bacilli,Lactobacillales,Carnobacteriaceae,Trichococcus,,aerobe,alkaliphile,Unknown
Actinomycetota,Actinomycetes,Micrococcales,Micrococcaceae,Acaricomes,Phytoseiuli,aerobe,alkaliphile,0
Bacillota,Clostridia,Eubacteriales,Clostridiaceae,Clostridium,Aminophilum,anaerobe,alkaliphile,1
Thermodesulfobacteriota,Desulfuromonadia,Geobacterales,Geobacteraceae,Geobacter,Lovleyi,anaerobe,Unknown,Unknown
Bacteroidota,Bacteroidia,Bacteroidales,Prevotellaceae,Prevotella,Pallens,anaerobe,alkaliphile,0
Bacillota,Bacilli,Lactobacillales,Streptococcaceae,Streptococcus,Infantis,facultative anaerobe,alkaliphile,0
Actinomycetota,Actinomycetes,Micrococcales,Brevibacteriaceae,Brevibacterium,,aerobe,alkaliphile,0
Verrucomicrobiota,Spartobacteria,Chthoniobacterales,Chthoniobacteraceae,Chthoniobacter,,aerobe,acidophile,Unknown
Bacillota,Bacilli,Bacillales,Staphylococcaceae,Staphylococcus,Epidermidis,aerobe,alkaliphile,0
Bacillota,Clostridia,Eubacteriales,Clostridiaceae,Clostridium,Maritimum,anaerobe,alkaliphile,1
Pseudomonadota,Gammaproteobacteria,Enterobacterales,Enterobacteriaceae,Enterobacter,Aerogenes,aerobe,alkaliphile,0
Pseudomonadota,Gammaproteobacteria,Lysobacterales,Rhodanobacteraceae,Rhodanobacter,,aerobe,alkaliphile,0
Campylobacterota,Epsilonproteobacteria,Campylobacterales,Helicobacteraceae,Flexispira,,Unknown,Unknown,Unknown
Bacillota,Clostridia,Eubacteriales,Clostridiaceae,Clostridium,Sordellii,anaerobe,alkaliphile,1
Bacillota,Clostridia,Eubacteriales,Clostridiaceae,Clostridium,Aminophilum,anaerobe,alkaliphile,1
Pseudomonadota,Gammaproteobacteria,Enterobacterales,Enterobacteriaceae,Enterobacter,Aerogenes,aerobe,alkaliphile,0
Actinomycetota,Actinomycetes,Actinomycetales,Actinomycetaceae,Mobiluncus,,anaerobe,Unknown,0
Bacillota,Bacilli,Bacillales,Staphylococcaceae,Staphylococcus,Succinus,aerobe,alkaliphile,0
Pseudomonadota,Hydrogenophilia,Hydrogenophilales,Hydrogenophilaceae,Hydrogenophilus,,aerobe,Unknown,0
Spirochaetota,Spirochaetia,Spirochaetales,Sphaerochaetaceae,Sphaerochaeta,,anaerobe,Unknown,Unknown
Bacillota,Bacilli,Lactobacillales,Carnobacteriaceae,Carnobacterium,,facultative anaerobe,alkaliphile,0
Bacillota,Negativicutes,Acidaminococcales,Acidaminococcaceae,Succinispira,Mobilis,anaerobe,alkaliphile,1
Bacillota,Negativicutes,Selenomonadales,Sporomusaceae,Anaeromusa,,anaerobe,Unknown,Unknown
Bacillota,Bacilli,Lactobacillales,Lactobacillaceae,Weissella,Thailandensis,anaerobe,alkaliphile,0
Bacillota,Clostridia,Eubacteriales,Clostridiaceae,Clostridium,Aminophilum,anaerobe,alkaliphile,1
Bacillota,Clostridia,Eubacteriales,Clostridiaceae,Clostridium,Neonatale,anaerobe,alkaliphile,1
Actinomycetota,Actinomycetes,Micrococcales,Dermacoccaceae,Dermacoccus,,aerobe,Unknown,1
Actinomycetota,Coriobacteriia,Eggerthellales,Eggerthellaceae,Eggerthella,Lenta,anaerobe,Unknown,Unknown
Bacillota,Clostridia,Halanaerobiales,Halobacteroidaceae,Halanaerobacter,,anaerobe,alkaliphile,0
Bacillota,Bacilli,Lactobacillales,Lactobacillaceae,Lactobacillus,Ruminis,anaerobe,acidophile,0
Actinomycetota,Actinomycetes,Micrococcales,Intrasporangiaceae,Intrasporangium,Calvum,aerobe,alkaliphile,0
Bacillota,Clostridia,Eubacteriales,Clostridiaceae,Clostridium,Aminophilum,anaerobe,alkaliphile,1
Bacteroidota,Cytophagia,Cytophagales,Spirosomataceae,Dyadobacter,,aerobe,alkaliphile,0
Bacillota,Bacilli,Lactobacillales,Carnobacteriaceae,Alloiococcus,,aerobe,Unknown,0
Pseudomonadota,Alphaproteobacteria,Rhodospirillales,Rhodospirillaceae,Magnetospirillum,,microaerophile,Unknown,Unknown
Pseudomonadota,Gammaproteobacteria,Enterobacterales,Enterobacteriaceae,Enterobacter,Aerogenes,aerobe,alkaliphile,0
Pseudomonadota,Gammaproteobacteria,Moraxellales,Moraxellaceae,Acinetobacter,Guillouiae,aerobe,alkaliphile,0
Pseudomonadota,Betaproteobacteria,Rhodocyclales,Zoogloeaceae,Zoogloea,,aerobe,Unknown,0
Bacillota,Clostridia,Peptostreptococcales,Peptostreptococcaceae,Tepidibacter,,anaerobe,alkaliphile,1
Bacillota,Bacilli,Lactobacillales,Streptococcaceae,Streptococcus,Minor,facultative anaerobe,alkaliphile,0
Actinomycetota,Actinomycetes,Micrococcales,Micrococcaceae,Micrococcus,,aerobe,alkaliphile,0
Pseudomonadota,Betaproteobacteria,Nitrosomonadales,Sterolibacteriaceae,Sulfuritalea,,anaerobe,Unknown,Unknown
Synergistota,Synergistia,Synergistales,Synergistaceae,Synergistes,,Unknown,Unknown,Unknown
Pseudomonadota,Gammaproteobacteria,Enterobacterales,Enterobacteriaceae,Enterobacter,Aerogenes,aerobe,alkaliphile,0
Pseudomonadota,Gammaproteobacteria,Enterobacterales,Enterobacteriaceae,Enterobacter,Aerogenes,aerobe,alkaliphile,0
Pseudomonadota,Betaproteobacteria,Nitrosomonadales,Methylophilaceae,Methylotenera,Mobilis,anaerobe,alkaliphile,1
Arthropoda,Insecta,Phasmatodea,Bacillidae,Bacillus,Ginsengihumi,aerobe,alkaliphile,1
Streptophyta,Magnoliopsida,Fabales,Fabaceae,Lupinus,Luteus,Unknown,Unknown,Unknown
Bacillota,Bacilli,Lactobacillales,Aerococcaceae,Facklamia,,facultative anaerobe,Unknown,Unknown
Streptophyta,Magnoliopsida,Fabales,Fabaceae,Rothia,Dentocariosa,aerobe,alkaliphile,0
Bacillota,Bacilli,Lactobacillales,Lactobacillaceae,Lactobacillus,Pontis,anaerobe,acidophile,0
Bacillota,Clostridia,Eubacteriales,Clostridiaceae,Clostridium,Aminophilum,anaerobe,alkaliphile,1
Pseudomonadota,Gammaproteobacteria,Enterobacterales,Enterobacteriaceae,Enterobacter,Aerogenes,aerobe,alkaliphile,0
Acidobacteriota,Terriglobia,Terriglobales,Acidobacteriaceae,Acidobacterium,,aerobe,acidophile,0
Pseudomonadota,Betaproteobacteria,Rhodocyclales,Rhodocyclaceae,Candidatus Accumulibacter,,Unknown,Unknown,Unknown
Bacillota,Clostridia,Peptostreptococcales,Anaerovoracaceae,Anaerovorax,,anaerobe,Unknown,Unknown
Pseudomonadota,Gammaproteobacteria,Enterobacterales,Enterobacteriaceae,Enterobacter,Aerogenes,aerobe,alkaliphile,0
Bacillota,Bacilli,Bacillales,Bacillaceae,Lysinibacillus,Boronitolerans,aerobe,alkaliphile,1
Bacillota,Clostridia,Peptostreptococcales,Peptostreptococcaceae,Peptostreptococcus,Anaerobius,anaerobe,Unknown,1
Bacillota,Clostridia,Eubacteriales,Oscillospiraceae,Ruminococcus,Callidus,anaerobe,Unknown,0
Bacillota,Bacilli,Lactobacillales,Lactobacillaceae,Pediococcus,Acidilactici,aerobe,acidophile,0
Actinomycetota,Actinomycetes,Actinomycetales,Actinomycetaceae,Actinobaculum,,anaerobe,Unknown,0
Actinomycetota,Actinomycetes,Bifidobacteriales,Bifidobacteriaceae,Bifidobacterium,Adolescentis,anaerobe,acidophile,0
Bacillota,Bacilli,Bacillales,Planococcaceae,Planomicrobium,,Unknown,alkaliphile,Unknown
Actinomycetota,Actinomycetes,Pseudonocardiales,Pseudonocardiaceae,Saccharopolyspora,,aerobe,alkaliphile,1
Pseudomonadota,Gammaproteobacteria,Enterobacterales,Enterobacteriaceae,Enterobacter,Aerogenes,aerobe,alkaliphile,0
Bacillota,Clostridia,Eubacteriales,Clostridiaceae,Clostridium,Aminophilum,anaerobe,alkaliphile,1
Cyanobacteriota,Cyanophyceae,Gloeobacterales,Gloeobacteraceae,Gloeobacter,Violaceus,Unknown,Unknown,Unknown
Pseudomonadota,Betaproteobacteria,Burkholderiales,Burkholderiaceae,Polynucleobacter,,aerobe,Unknown,Unknown
Bacillota,Bacilli,Bacillales,Bacillaceae,Pontibacillus,,aerobe,alkaliphile,1
Actinomycetota,Actinomycetes,Bifidobacteriales,Bifidobacteriaceae,Bifidobacterium,Adolescentis,anaerobe,acidophile,0
Pseudomonadota,Alphaproteobacteria,Caulobacterales,Caulobacteraceae,Phenylobacterium,,aerobe,alkaliphile,0
Pseudomonadota,Gammaproteobacteria,Enterobacterales,Erwiniaceae,Erwinia,Dispersa,facultative anaerobe,alkaliphile,0
Pseudomonadota,Gammaproteobacteria,Enterobacterales,Enterobacteriaceae,Trabulsiella,Farmeri,aerobe,Unknown,Unknown
Bacteroidota,Flavobacteriia,Flavobacteriales,Flavobacteriaceae,Sufflavibacter,Maritimus,Unknown,Unknown,Unknown
Pseudomonadota,Gammaproteobacteria,Enterobacterales,Enterobacteriaceae,Baumannia,Cicadellinicola,Unknown,Unknown,Unknown
Bacillota,Clostridia,Christensenellales,Christensenellaceae,Christensenella,,anaerobe,alkaliphile,0
Cnidaria,Anthozoa,Actiniaria,Edwardsiidae,Edwardsiella,,facultative anaerobe,Unknown,Unknown
Bacteroidota,Bacteroidia,Bacteroidales,Barnesiellaceae,Barnesiella,Viscericola,anaerobe,Unknown,0
Pseudomonadota,Betaproteobacteria,Burkholderiales,Alcaligenaceae,Oligella,,aerobe,Unknown,0
Pseudomonadota,Gammaproteobacteria,Enterobacterales,Enterobacteriaceae,Enterobacter,Aerogenes,aerobe,alkaliphile,0
Arthropoda,Insecta,Hemiptera,Diaspididae,Morganella,Morganii,facultative anaerobe,Unknown,Unknown
Pseudomonadota,Gammaproteobacteria,Lysobacterales,Lysobacteraceae,Pseudoxanthomonas,Mexicana,aerobe,alkaliphile,0
Pseudomonadota,Gammaproteobacteria,Enterobacterales,Enterobacteriaceae,Enterobacter,Aerogenes,aerobe,alkaliphile,0
Pseudomonadota,Gammaproteobacteria,Alteromonadales,Pseudoalteromonadaceae,Pseudoalteromonas,Porphyrae,obligate aerobe,alkaliphile,0
Pseudomonadota,Gammaproteobacteria,Cardiobacteriales,Ignatzschineriaceae,Wohlfahrtiimonas,,aerobe,alkaliphile,0
Pseudomonadota,Gammaproteobacteria,Enterobacterales,Enterobacteriaceae,Candidatus Hamiltonella,,Unknown,Unknown,Unknown
Pseudomonadota,Gammaproteobacteria,Enterobacterales,Enterobacteriaceae,Candidatus Phlomobacter,,Unknown,Unknown,Unknown
Bacteroidota,Chitinophagia,Chitinophagales,Chitinophagaceae,Sediminibacterium,,aerobe,alkaliphile,0
Actinomycetota,Actinomycetes,Bifidobacteriales,Bifidobacteriaceae,Bifidobacterium,Adolescentis,anaerobe,acidophile,0
Pseudomonadota,Gammaproteobacteria,Vibrionales,Vibrionaceae,Vibrio,Cholerae,facultative anaerobe,alkaliphile,0
Bacteroidota,Bacteroidia,Bacteroidales,Bacteroidaceae,Bacteroides,Acidifaciens,anaerobe,alkaliphile,0
Bacillota,Bacilli,Bacillales,Staphylococcaceae,Jeotgalicoccus,Psychrophilus,aerobe,alkaliphile,0
Actinomycetota,Actinomycetes,Bifidobacteriales,Bifidobacteriaceae,Bifidobacterium,Adolescentis,anaerobe,acidophile,0
Pseudomonadota,Gammaproteobacteria,Enterobacterales,Enterobacteriaceae,Enterobacter,Aerogenes,aerobe,alkaliphile,0
Pseudomonadota,Gammaproteobacteria,Enterobacterales,Enterobacteriaceae,Enterobacter,Ludwigii,aerobe,alkaliphile,0
Pseudomonadota,Gammaproteobacteria,Enterobacterales,Enterobacteriaceae,Enterobacter,Hormaechei,aerobe,alkaliphile,0
Pseudomonadota,Gammaproteobacteria,Enterobacterales,Enterobacteriaceae,Enterobacter,Aerogenes,aerobe,alkaliphile,0
Bacillota,Clostridia,Eubacteriales,Clostridiaceae,Clostridium,Citroniae,anaerobe,alkaliphile,1
Arthropoda,Insecta,Phasmatodea,Bacillidae,Bacillus,Cereus,aerobe,alkaliphile,1
Pseudomonadota,Betaproteobacteria,Neisseriales,Neisseriaceae,Neisseria,Cinerea,microaerophile,alkaliphile,0
Fusobacteriota,Fusobacteriia,Fusobacteriales,Fusobacteriaceae,Cetobacterium,Somerae,anaerobe,Unknown,Unknown
Pseudomonadota,Gammaproteobacteria,Pasteurellales,Pasteurellaceae,Aggregatibacter,Segnis,microaerophile,Unknown,Unknown
Pseudomonadota,Gammaproteobacteria,Enterobacterales,Enterobacteriaceae,Enterobacter,Aerogenes,aerobe,alkaliphile,0
Pseudomonadota,Gammaproteobacteria,Enterobacterales,Enterobacteriaceae,Shigella,Sonnei,aerobe,Unknown,0
Pseudomonadota,Gammaproteobacteria,Pasteurellales,Pasteurellaceae,Gallibacterium,Genomosp.,facultative anaerobe,Unknown,Unknown
Pseudomonadota,Betaproteobacteria,Burkholderiales,Burkholderiaceae,Cupriavidus,Gilardii,aerobe,alkaliphile,0
Pseudomonadota,Gammaproteobacteria,Pasteurellales,Pasteurellaceae,Pasteurella,Mairii,facultative anaerobe,Unknown,Unknown
Pseudomonadota,Gammaproteobacteria,Enterobacterales,Enterobacteriaceae,Enterobacter,Aerogenes,aerobe,alkaliphile,0
Pseudomonadota,Gammaproteobacteria,Enterobacterales,Erwiniaceae,Pantoea,Agglomerans,aerobe,Unknown,0
Pseudomonadota,Gammaproteobacteria,Enterobacterales,Enterobacteriaceae,Enterobacter,Aerogenes,aerobe,alkaliphile,0
Pseudomonadota,Gammaproteobacteria,Enterobacterales,Enterobacteriaceae,Enterobacter,Aerogenes,aerobe,alkaliphile,0
Bacillota,Bacilli,Lactobacillales,Lactobacillaceae,Lactobacillus,Salivarius,anaerobe,acidophile,0
Pseudomonadota,Gammaproteobacteria,Enterobacterales,Enterobacteriaceae,Enterobacter,Aerogenes,aerobe,alkaliphile,0
Arthropoda,Insecta,Phasmatodea,Bacillidae,Bacillus,Foraminis,aerobe,alkaliphile,1
Bacillota,Clostridia,Eubacteriales,Clostridiaceae,Clostridium,Hungatei,anaerobe,alkaliphile,1
Pseudomonadota,Gammaproteobacteria,Pasteurellales,Pasteurellaceae,Actinobacillus,Porcinus,facultative anaerobe,Unknown,Unknown
Pseudomonadota,Gammaproteobacteria,Pasteurellales,Pasteurellaceae,Actinobacillus,Seminis,facultative anaerobe,Unknown,Unknown
Pseudomonadota,Gammaproteobacteria,Oceanospirillales,Oceanospirillaceae,Nitrincola,,aerobe,alkaliphile,0
Bacillota,Bacilli,Bacillales,Paenibacillaceae,Thermobacillus,Composti,aerobe,alkaliphile,0
Pseudomonadota,Gammaproteobacteria,Alteromonadales,Alteromonadaceae,Glaciecola,Punicea,aerobe,Unknown,0
Bacillota,Bacilli,Bacillales,Thermoactinomycetaceae,Shimazuella,,aerobe,Unknown,1
Pseudomonadota,Gammaproteobacteria,Pasteurellales,Pasteurellaceae,Haemophilus,Paracuniculus,microaerophile,Unknown,0
Pseudomonadota,Gammaproteobacteria,Alteromonadales,Shewanellaceae,Shewanella,Algae,aerobe,alkaliphile,0
Bacillota,Bacilli,Bacillales,Staphylococcaceae,Macrococcus,Caseolyticus,aerobe,Unknown,Unknown
Pseudomonadota,Gammaproteobacteria,Enterobacterales,Enterobacteriaceae,Enterobacter,Aerogenes,aerobe,alkaliphile,0
Pseudomonadota,Gammaproteobacteria,Methylococcales,Crenotrichaceae,Crenothrix,,Unknown,Unknown,Unknown
Pseudomonadota,Betaproteobacteria,Neisseriales,Neisseriaceae,Eikenella,,anaerobe,Unknown,Unknown
Bacillota,Clostridia,Eubacteriales,Clostridiaceae,Clostridium,Aminophilum,anaerobe,alkaliphile,1
Bacillota,Clostridia,Eubacteriales,Clostridiaceae,Clostridium,Aminophilum,anaerobe,alkaliphile,1
Actinomycetota,Actinomycetes,Bifidobacteriales,Bifidobacteriaceae,Bifidobacterium,Pseudolongum,anaerobe,acidophile,0
Bacteroidota,Bacteroidia,Bacteroidales,Bacteroidaceae,Bacteroides,Nordii,anaerobe,alkaliphile,0
Bacillota,Bacilli,Bacillales,Paenibacillaceae,Brevibacillus,Reuszeri,aerobe,alkaliphile,1
Pseudomonadota,Gammaproteobacteria,Pasteurellales,Pasteurellaceae,Avibacterium,Gallinarum,microaerophile,Unknown,Unknown
Pseudomonadota,Gammaproteobacteria,Alteromonadales,Colwelliaceae,Thalassomonas,Sediminis,anaerobe,alkaliphile,Unknown
Campylobacterota,Epsilonproteobacteria,Campylobacterales,Helicobacteraceae,Wolinella,Succinogenes,anaerobe,Unknown,Unknown
Bacteroidota,Bacteroidia,Bacteroidales,Rikenellaceae,Ruminofilibacter,Xylanolyticum,Unknown,Unknown,Unknown
Pseudomonadota,Alphaproteobacteria,Hyphomonadales,Hyphomonadaceae,Hyphomonas,Oceanitis,obligate aerobe,Unknown,Unknown
Actinomycetota,Actinomycetes,Bifidobacteriales,Bifidobacteriaceae,Bombiscardovia,,anaerobe,Unknown,Unknown
Pseudomonadota,Gammaproteobacteria,Alteromonadales,Psychromonadaceae,Psychromonas,,facultative anaerobe,alkaliphile,0
Pseudomonadota,Alphaproteobacteria,Rickettsiales,Rickettsiaceae,Rickettsia,,obligate aerobe,Unknown,0
Pseudomonadota,Gammaproteobacteria,Aeromonadales,Aeromonadaceae,Oceanisphaera,,aerobe,alkaliphile,0
Actinomycetota,Actinomycetes,Pseudonocardiales,Pseudonocardiaceae,Saccharomonospora,,aerobe,alkaliphile,1
Pseudomonadota,Gammaproteobacteria,Aeromonadales,Aeromonadaceae,Aeromonas,Popoffii,facultative anaerobe,alkaliphile,0
Bacillota,Bacilli,Bacillales,Planococcaceae,Ureibacillus,,aerobe,alkaliphile,1
Bacillota,Erysipelotrichia,Erysipelotrichales,Erysipelotrichaceae,Erysipelothrix,,anaerobe,Unknown,0
Pseudomonadota,Gammaproteobacteria,Pasteurellales,Pasteurellaceae,Haemophilus,Parasuis,microaerophile,Unknown,0
Bacillota,Clostridia,Eubacteriales,Clostridiaceae,Clostridium,Piliforme,anaerobe,alkaliphile,1
Bacillota,Erysipelotrichia,Erysipelotrichales,Coprobacillaceae,Catenibacterium,Mitsuokai,anaerobe,Unknown,Unknown
Acidobacteriota,Terriglobia,Terriglobales,Acidobacteriaceae,Acidobacterium,,aerobe,acidophile,0
Pseudomonadota,Betaproteobacteria,Burkholderiales,Burkholderiaceae,Limnobacter,,aerobe,alkaliphile,0
Acidobacteriota,Terriglobia,Terriglobales,Acidobacteriaceae,Acidobacterium,,aerobe,acidophile,0
Bacteroidota,Sphingobacteriia,Sphingobacteriales,Sphingobacteriaceae,Parapedobacter,,aerobe,alkaliphile,0
Thermodesulfobacteriota,Desulfovibrionia,Desulfovibrionales,Desulfovibrionaceae,Desulfovibrio,Alaskensis,anaerobe,alkaliphile,0
Pseudomonadota,Betaproteobacteria,Burkholderiales,Alcaligenaceae,Alcaligenes,Faecalis,anaerobe,alkaliphile,Unknown
Bacteroidota,Flavobacteriia,Flavobacteriales,Crocinitomicaceae,Crocinitomix,,aerobe,alkaliphile,Unknown
Bacteroidota,Sphingobacteriia,Sphingobacteriales,Sphingobacteriaceae,Sphingobacterium,Multivorum,aerobe,alkaliphile,0
Pseudomonadota,Betaproteobacteria,Tremblayales,Tremblayaceae,Candidatus Tremblaya,Princeps,Unknown,Unknown,Unknown
Pseudomonadota,Gammaproteobacteria,Oceanospirillales,Alcanivoracaceae,Alcanivorax,,aerobe,alkaliphile,0
Bacteroidota,Sphingobacteriia,Sphingobacteriales,Sphingobacteriaceae,Pedobacter,Terricola,aerobe,alkaliphile,0
Bacteroidota,Bacteroidia,Bacteroidales,Bacteroidaceae,Bacteroides,Acidifaciens,anaerobe,alkaliphile,0
Verrucomicrobiota,Verrucomicrobiia,Verrucomicrobiales,Akkermansiaceae,Akkermansia,Muciniphila,anaerobe,Unknown,Unknown
Pseudomonadota,Betaproteobacteria,Burkholderiales,Oxalobacteraceae,Collimonas,,aerobe,Unknown,0
Pseudomonadota,Gammaproteobacteria,Enterobacterales,Enterobacteriaceae,Enterobacter,Cloacae,aerobe,alkaliphile,0
Fusobacteriota,Fusobacteriia,Fusobacteriales,Fusobacteriaceae,Propionigenium,,anaerobe,Unknown,Unknown
Arthropoda,Insecta,Coleoptera,Lampyridae,Serratia,Symbiotica,aerobe,alkaliphile,0
Bacillota,Clostridia,Peptostreptococcales,Filifactoraceae,Filifactor,,anaerobe,Unknown,Unknown
Acidobacteriota,Terriglobia,Terriglobales,Acidobacteriaceae,Acidobacterium,,aerobe,acidophile,0
Thermodesulfobacteriota,Desulfovibrionia,Desulfovibrionales,Desulfovibrionaceae,Desulfovibrio,D168,anaerobe,alkaliphile,0
Bacillota,Clostridia,Eubacteriales,Oscillospiraceae,Cellulosibacter,Alkalithermophilus,anaerobe,alkaliphile,1
Bacteroidota,Bacteroidia,Bacteroidales,Rikenellaceae,Alistipes,Massiliensis,anaerobe,Unknown,0
Pseudomonadota,Gammaproteobacteria,Moraxellales,Moraxellaceae,Enhydrobacter,,aerobe,Unknown,Unknown
Bacillota,Bacilli,Lactobacillales,Lactobacillaceae,Lactobacillus,Iners,anaerobe,acidophile,0
Cyanobacteriota,Cyanophyceae,Gloeobacterales,Gloeobacteraceae,Gloeobacter,Violaceus,Unknown,Unknown,Unknown
Pseudomonadota,Gammaproteobacteria,Enterobacterales,Enterobacteriaceae,Enterobacter,Aerogenes,aerobe,alkaliphile,0
Arthropoda,Insecta,Mantodea,Amelidae,Yersinia,,aerobe,Unknown,0
Pseudomonadota,Gammaproteobacteria,Vibrionales,Vibrionaceae,Vibrio,Cholerae,facultative anaerobe,alkaliphile,0
Pseudomonadota,Gammaproteobacteria,Enterobacterales,Enterobacteriaceae,Enterobacter,Aerogenes,aerobe,alkaliphile,0
Pseudomonadota,Gammaproteobacteria,Alteromonadales,Ferrimonadaceae,Ferrimonas,,anaerobe,alkaliphile,Unknown
Pseudomonadota,Gammaproteobacteria,Moraxellales,Moraxellaceae,Moraxella,,aerobe,Unknown,0
Chlorobiota,Chlorobiia,Chlorobiales,Chlorobiaceae,Chlorobium,Chlorochromatii,anaerobe,Unknown,Unknown
Bacillota,Erysipelotrichia,Erysipelotrichales,Erysipelotrichaceae,Anaerorhabdus,Furcosa,Unknown,Unknown,Unknown
Cyanobacteriota,Cyanophyceae,Synechococcales,Prochlorococcaceae,Prochlorococcus,,Unknown,Unknown,Unknown
Pseudomonadota,Gammaproteobacteria,Moraxellales,Moraxellaceae,Psychrobacter,Sanguinis,aerobe,alkaliphile,0
Acidobacteriota,Terriglobia,Terriglobales,Acidobacteriaceae,Acidobacterium,,aerobe,acidophile,0
Bacillota,Clostridia,Eubacteriales,Clostridiaceae,Clostridium,Tyrobutyricum,anaerobe,alkaliphile,1
Pseudomonadota,Gammaproteobacteria,Enterobacterales,Enterobacteriaceae,Cronobacter,Turicensis,aerobe,alkaliphile,0
Pseudomonadota,Gammaproteobacteria,Enterobacterales,Enterobacteriaceae,Salmonella,Enterica,facultative anaerobe,Unknown,0
Pseudomonadota,Gammaproteobacteria,Pseudomonadales,Pseudomonadaceae,Pseudomonas,Fragi,aerobe,alkaliphile,0
Actinomycetota,Actinomycetes,Mycobacteriales,Corynebacteriaceae,Corynebacterium,Stationis,aerobe,alkaliphile,0
Bacillota,Clostridia,Eubacteriales,Clostridiaceae,Clostridium,Tetani,anaerobe,alkaliphile,1
Bacteroidota,Flavobacteriia,Flavobacteriales,Flavobacteriaceae,Capnocytophaga,Ochracea,anaerobe,Unknown,Unknown
Pseudomonadota,Gammaproteobacteria,Enterobacterales,Enterobacteriaceae,Enterobacter,Aerogenes,aerobe,alkaliphile,0
Pseudomonadota,Gammaproteobacteria,Enterobacterales,Enterobacteriaceae,Cronobacter,Dublinensis,aerobe,alkaliphile,0
Pseudomonadota,Gammaproteobacteria,Enterobacterales,Morganellaceae,Providencia,,aerobe,alkaliphile,0
Pseudomonadota,Gammaproteobacteria,Pseudomonadales,Pseudomonadaceae,Pseudomonas,Veronii,aerobe,alkaliphile,0
Pseudomonadota,Gammaproteobacteria,Enterobacterales,Enterobacteriaceae,Enterobacter,Aerogenes,aerobe,alkaliphile,0
Pseudomonadota,Gammaproteobacteria,Enterobacterales,Enterobacteriaceae,Enterobacter,Aerogenes,aerobe,alkaliphile,0
Campylobacterota,Epsilonproteobacteria,Campylobacterales,Arcobacteraceae,Arcobacter,,microaerophile,alkaliphile,0
Bacteroidota,Bacteroidia,Bacteroidales,Bacteroidaceae,Bacteroides,Acidifaciens,anaerobe,alkaliphile,0
Chloroflexota,Dehalococcoidia,Dehalococcoidales,Dehalococcoidaceae,Dehalococcoides,,anaerobe,Unknown,0
Actinomycetota,Actinomycetes,Bifidobacteriales,Bifidobacteriaceae,Bifidobacterium,Adolescentis,anaerobe,acidophile,0
Pseudomonadota,Betaproteobacteria,Burkholderiales,Comamonadaceae,Pelomonas,,aerobe,Unknown,0
Pseudomonadota,Alphaproteobacteria,Rhodobacterales,Roseobacteraceae,Octadecabacter,,aerobe,Unknown,0
Mycoplasmatota,Mollicutes,Acholeplasmatales,Acholeplasmataceae,Acholeplasma,,facultative anaerobe,Unknown,Unknown
Chloroflexota,Thermobacula,Thermobaculales,Thermobaculaceae,Thermobaculum,Terrenum,Unknown,Unknown,Unknown
Pseudomonadota,Gammaproteobacteria,Enterobacterales,Enterobacteriaceae,Enterobacter,Aerogenes,aerobe,alkaliphile,0
Pseudomonadota,Gammaproteobacteria,Methylococcales,Methylococcaceae,Methylocaldum,,Unknown,Unknown,Unknown
Streptophyta,Magnoliopsida,Acorales,Acoraceae,Acorus,Gramineus,Unknown,Unknown,Unknown
Bacillota,Clostridia,Eubacteriales,Clostridiaceae,Clostridium,Aminophilum,anaerobe,alkaliphile,1
Pseudomonadota,Gammaproteobacteria,Enterobacterales,Enterobacteriaceae,Cronobacter,Sakazakii,aerobe,alkaliphile,0
Pseudomonadota,Gammaproteobacteria,Enterobacterales,Enterobacteriaceae,Enterobacter,Cowanii,aerobe,alkaliphile,0
Actinomycetota,Actinomycetes,Bifidobacteriales,Bifidobacteriaceae,Bifidobacterium,Adolescentis,anaerobe,acidophile,0
Bacillota,Bacilli,Bacillales,Sporolactobacillaceae,Sporolactobacillus,,facultative anaerobe,acidophile,1
Pseudomonadota,Gammaproteobacteria,Enterobacterales,Enterobacteriaceae,Enterobacter,Aerogenes,aerobe,alkaliphile,0
Pseudomonadota,Gammaproteobacteria,Enterobacterales,Enterobacteriaceae,Enterobacter,Aerogenes,aerobe,alkaliphile,0
Pseudomonadota,Gammaproteobacteria,Vibrionales,Vibrionaceae,Vibrio,Tapetis,facultative anaerobe,alkaliphile,0
Bacteroidota,Flavobacteriia,Flavobacteriales,Cryomorphaceae,Cryomorpha,,Unknown,Unknown,Unknown
Actinomycetota,Actinomycetes,Micrococcales,Promicromonosporaceae,Cellulosimicrobium,,aerobe,alkaliphile,0
Pseudomonadota,Gammaproteobacteria,Enterobacterales,Enterobacteriaceae,Enterobacter,Aerogenes,aerobe,alkaliphile,0
Chordata,Amphibia,Caudata,Proteidae,Proteus,,facultative anaerobe,alkaliphile,Unknown
Pseudomonadota,Gammaproteobacteria,Enterobacterales,Budviciaceae,Leminorella,Grimontii,facultative anaerobe,Unknown,Unknown
Pseudomonadota,Gammaproteobacteria,Moraxellales,Moraxellaceae,Alkanindiges,,Unknown,Unknown,Unknown
Pseudomonadota,Gammaproteobacteria,Enterobacterales,Erwiniaceae,Pantoea,Ananatis,aerobe,Unknown,0
Pseudomonadota,Gammaproteobacteria,Enterobacterales,Pectobacteriaceae,Dickeya,,aerobe,Unknown,Unknown
Pseudomonadota,Gammaproteobacteria,Thiotrichales,Thiotrichaceae,Beggiatoa,,Unknown,Unknown,Unknown
Pseudomonadota,Gammaproteobacteria,Enterobacterales,Enterobacteriaceae,Enterobacter,Gergoviae,aerobe,alkaliphile,0
Arthropoda,Insecta,Hemiptera,Coccidae,Rhodococcus,Fascians,aerobe,alkaliphile,0
Bacillota,Clostridia,Peptostreptococcales,Natronincolaceae,Natronincola,,anaerobe,Unknown,Unknown
Pseudomonadota,Gammaproteobacteria,Alteromonadales,Shewanellaceae,Shewanella,Benthica,aerobe,alkaliphile,0
Actinomycetota,Actinomycetes,Bifidobacteriales,Bifidobacteriaceae,Bifidobacterium,Adolescentis,anaerobe,acidophile,0
Pseudomonadota,Gammaproteobacteria,Enterobacterales,Enterobacteriaceae,Enterobacter,Aerogenes,aerobe,alkaliphile,0
Pseudomonadota,Gammaproteobacteria,Enterobacterales,Enterobacteriaceae,Enterobacter,Aerogenes,aerobe,alkaliphile,0
Pseudomonadota,Gammaproteobacteria,Enterobacterales,Enterobacteriaceae,Enterobacter,Pyrinus,aerobe,alkaliphile,0
Pseudomonadota,Gammaproteobacteria,Enterobacterales,Enterobacteriaceae,Enterobacter,Aerogenes,aerobe,alkaliphile,0
Pseudomonadota,Gammaproteobacteria,Oceanospirillales,Oceanospirillaceae,Marinomonas,,aerobe,alkaliphile,0
Streptophyta,Magnoliopsida,Lamiales,Orobanchaceae,Buchnera,,Unknown,Unknown,Unknown
Pseudomonadota,Gammaproteobacteria,Enterobacterales,Enterobacteriaceae,Enterobacter,Aerogenes,aerobe,alkaliphile,0
Thermodesulfobacteriota,Desulfobacteria,Desulfobacterales,Desulfococcaceae,Desulfococcus,Oleovorans,anaerobe,Unknown,Unknown
Pseudomonadota,Gammaproteobacteria,Enterobacterales,Enterobacteriaceae,Enterobacter,Aerogenes,aerobe,alkaliphile,0
Pseudomonadota,Gammaproteobacteria,Enterobacterales,Enterobacteriaceae,Enterobacter,Arachidis,aerobe,alkaliphile,0
Pseudomonadota,Gammaproteobacteria,Thiotrichales,Thiotrichaceae,Candidatus Thiopilula,Aggregata,Unknown,Unknown,Unknown
Pseudomonadota,Gammaproteobacteria,Oceanospirillales,Halomonadaceae,Halomonas,,aerobe,alkaliphile,0
Pseudomonadota,Alphaproteobacteria,Hyphomicrobiales,Rhizobiaceae,Agrobacterium,,aerobe,alkaliphile,0
Bacillota,Bacilli,Bacillales,Paenibacillaceae,Aneurinibacillus,,facultative anaerobe,acidophile,1
Arthropoda,Insecta,Coleoptera,Anthribidae,Lawsonia,,Unknown,Unknown,Unknown
Bacillota,Bacilli,Lactobacillales,Lactobacillaceae,Fructobacillus,,aerobe,acidophile,0
Bacillota,Clostridia,Eubacteriales,Clostridiaceae,Clostridium,Hathewayi,anaerobe,alkaliphile,1
Acidobacteriota,Terriglobia,Terriglobales,Acidobacteriaceae,Acidobacterium,,aerobe,acidophile,0
Thermodesulfobacteriota,Desulfovibrionia,Desulfovibrionales,Desulfovibrionaceae,Desulfovibrio,Litoralis,anaerobe,alkaliphile,0
Streptophyta,Pinopsida,Araucariales,Podocarpaceae,Phyllocladus,Trichomanoides,Unknown,Unknown,Unknown
Actinomycetota,Actinomycetes,Bifidobacteriales,Bifidobacteriaceae,Bifidobacterium,Adolescentis,anaerobe,acidophile,0
Pseudomonadota,Gammaproteobacteria,Enterobacterales,Enterobacteriaceae,Enterobacter,Aerogenes,aerobe,alkaliphile,0
Pseudomonadota,Gammaproteobacteria,Enterobacterales,Enterobacteriaceae,Enterobacter,Aerogenes,aerobe,alkaliphile,0
Pseudomonadota,Gammaproteobacteria,Enterobacterales,Enterobacteriaceae,Enterobacter,Aerogenes,aerobe,alkaliphile,0
Pseudomonadota,Gammaproteobacteria,Enterobacterales,Bruguierivoracaceae,Sodalis,,microaerophile,Unknown,Unknown
Pseudomonadota,Zetaproteobacteria,Mariprofundales,Mariprofundaceae,Mariprofundus,,facultative anaerobe,Unknown,Unknown
Pseudomonadota,Gammaproteobacteria,Enterobacterales,Enterobacteriaceae,Escherichia,Blattae,facultative anaerobe,alkaliphile,0
Pseudomonadota,Gammaproteobacteria,Enterobacterales,Morganellaceae,Xenorhabdus,Bovienii,facultative anaerobe,Unknown,0
Acidobacteriota,Terriglobia,Terriglobales,Acidobacteriaceae,Acidobacterium,,aerobe,acidophile,0
Pseudomonadota,Gammaproteobacteria,Enterobacterales,Enterobacteriaceae,Candidatus Schneideria,Nysicola,Unknown,Unknown,Unknown
Pseudomonadota,Gammaproteobacteria,Moraxellales,Moraxellaceae,Acinetobacter,Rhizosphaerae,aerobe,alkaliphile,0
Bacillota,Clostridia,Lachnospirales,Lachnospiraceae,Catonella,,Unknown,Unknown,Unknown
Actinomycetota,Actinomycetes,Bifidobacteriales,Bifidobacteriaceae,Bifidobacterium,Adolescentis,anaerobe,acidophile,0
Pseudomonadota,Gammaproteobacteria,Cardiobacteriales,Cardiobacteriaceae,Cardiobacterium,,anaerobe,Unknown,Unknown
Bacillota,Negativicutes,Selenomonadales,Sporomusaceae,Anaerospora,Hongkongensis,anaerobe,Unknown,Unknown
Pseudomonadota,Gammaproteobacteria,Enterobacterales,Enterobacteriaceae,Enterobacter,Aerogenes,aerobe,alkaliphile,0
Pseudomonadota,Gammaproteobacteria,Lysobacterales,Lysobacteraceae,Stenotrophomonas,Maltophilia,aerobe,alkaliphile,0
Streptophyta,Magnoliopsida,Brassicales,Brassicaceae,Raphanus,Sativus,Unknown,Unknown,Unknown
Pseudomonadota,Gammaproteobacteria,Enterobacterales,Enterobacteriaceae,Candidatus Kleidoceria,Schneideri,Unknown,Unknown,Unknown
Pseudomonadota,Betaproteobacteria,Burkholderiales,Comamonadaceae,Mitsuaria,Chitosanitabida,Unknown,Unknown,Unknown
Pseudomonadota,Gammaproteobacteria,Enterobacterales,Morganellaceae,Photorhabdus,Temperata,facultative anaerobe,Unknown,0
Pseudomonadota,Gammaproteobacteria,Vibrionales,Vibrionaceae,Vibrio,Fortis,facultative anaerobe,alkaliphile,0
Cyanobacteriota,Cyanophyceae,Gloeobacterales,Gloeobacteraceae,Gloeobacter,Violaceus,Unknown,Unknown,Unknown
Pseudomonadota,Gammaproteobacteria,Aeromonadales,Aeromonadaceae,Aeromonas,Caviae,facultative anaerobe,alkaliphile,0
Mycoplasmatota,Mollicutes,Acholeplasmatales,Acholeplasmataceae,Acholeplasma,,facultative anaerobe,Unknown,Unknown
Bacillota,Clostridia,Eubacteriales,Desulfotomaculaceae,Desulfotomaculum,,anaerobe,alkaliphile,1
Bacteroidota,Flavobacteriia,Flavobacteriales,Owenweeksiaceae,Owenweeksia,Hongkongensis,aerobe,alkaliphile,0
Actinomycetota,Actinomycetes,Micrococcales,Microbacteriaceae,Rhodoluna,,aerobe,Unknown,Unknown
Pseudomonadota,Gammaproteobacteria,Enterobacterales,Enterobacteriaceae,Enterobacter,Aerogenes,aerobe,alkaliphile,0
Chlorobiota,Chlorobiia,Chlorobiales,Chlorobiaceae,Chlorobium,Chlorochromatii,anaerobe,Unknown,Unknown
Bacillota,Clostridia,Eubacteriales,Clostridiaceae,Clostridium,Aminophilum,anaerobe,alkaliphile,1
Bacteroidota,Flavobacteriia,Flavobacteriales,Flavobacteriaceae,Kordia,,aerobe,alkaliphile,0
Cyanobacteriota,Cyanophyceae,Gloeobacterales,Gloeobacteraceae,Gloeobacter,Violaceus,Unknown,Unknown,Unknown
Pseudomonadota,Betaproteobacteria,Burkholderiales,Comamonadaceae,Polaromonas,,aerobe,alkaliphile,0
Bacteroidota,Bacteroidia,Bacteroidales,Bacteroidaceae,Bacteroides,Acidifaciens,anaerobe,alkaliphile,0
Chlorobiota,Chlorobiia,Chlorobiales,Chlorobiaceae,Chlorobium,Chlorochromatii,anaerobe,Unknown,Unknown
Acidobacteriota,Terriglobia,Terriglobales,Acidobacteriaceae,Acidobacterium,,aerobe,acidophile,0
Bacillota,Clostridia,Eubacteriales,Oscillospiraceae,Sporobacter,Termitidis,anaerobe,Unknown,Unknown
Euryarchaeota,Methanobacteria,Methanobacteriales,Methanobacteriaceae,Methanobacterium,Bryantii,anaerobe,alkaliphile,0
Pseudomonadota,Alphaproteobacteria,Hyphomicrobiales,Parvibaculaceae,Parvibaculum,,aerobe,acidophile,0
Actinomycetota,Actinomycetes,Propionibacteriales,Nocardioidaceae,Friedmanniella,,aerobe,alkaliphile,Unknown
Pseudomonadota,Gammaproteobacteria,Steroidobacterales,Steroidobacteraceae,Steroidobacter,,aerobe,alkaliphile,0
Nitrososphaerota,Nitrososphaeria,Nitrososphaerales,Nitrososphaeraceae,Nitrososphaera,Gargensis,Unknown,Unknown,Unknown
Pseudomonadota,Gammaproteobacteria,Enterobacterales,Enterobacteriaceae,Enterobacter,Aerogenes,aerobe,alkaliphile,0
Pseudomonadota,Gammaproteobacteria,Aeromonadales,Succinivibrionaceae,Ruminobacter,,anaerobe,Unknown,Unknown
Fusobacteriota,Fusobacteriia,Fusobacteriales,Fusobacteriaceae,Cetobacterium,Somerae,anaerobe,Unknown,Unknown
Actinomycetota,Actinomycetes,Bifidobacteriales,Bifidobacteriaceae,Gardnerella,,anaerobe,Unknown,Unknown
Streptophyta,Magnoliopsida,Ericales,Marcgraviaceae,Schwartzia,,anaerobe,Unknown,Unknown
Pseudomonadota,Gammaproteobacteria,Lysobacterales,Lysobacteraceae,Lysobacter,,aerobe,alkaliphile,0
Bacteroidota,Bacteroidia,Bacteroidales,Bacteroidaceae,Bacteroides,Acidifaciens,anaerobe,alkaliphile,0
Fusobacteriota,Fusobacteriia,Fusobacteriales,Fusobacteriaceae,Psychrilyobacter,,anaerobe,Unknown,0
Bacillota,Clostridia,Eubacteriales,Clostridiaceae,Clostridium,Cocleatum,anaerobe,alkaliphile,1
Bacillota,Clostridia,Eubacteriales,Clostridiaceae,Clostridium,Aminophilum,anaerobe,alkaliphile,1
Pseudomonadota,Gammaproteobacteria,Enterobacterales,Enterobacteriaceae,Enterobacter,Aerogenes,aerobe,alkaliphile,0
Arthropoda,Insecta,Phasmatodea,Bacillidae,Bacillus,Humi,aerobe,alkaliphile,1
Pseudomonadota,Gammaproteobacteria,Aeromonadales,Aeromonadaceae,Oceanimonas,,obligate aerobe,alkaliphile,Unknown
Pseudomonadota,Alphaproteobacteria,Rhodospirillales,Acetobacteraceae,Swaminathania,,Unknown,acidophile,Unknown
Bacillota,Tissierellia,Tissierellales,Peptoniphilaceae,Finegoldia,,anaerobe,Unknown,0
Pseudomonadota,Gammaproteobacteria,Alteromonadales,Idiomarinaceae,Idiomarina,,aerobe,alkaliphile,0
Pseudomonadota,Gammaproteobacteria,Aeromonadales,Succinivibrionaceae,Anaerobiospirillum,,anaerobe,Unknown,Unknown
Pseudomonadota,Gammaproteobacteria,Cellvibrionales,Cellvibrionaceae,Marinimicrobium,,aerobe,alkaliphile,0
Pseudomonadota,Gammaproteobacteria,Aeromonadales,Aeromonadaceae,Aeromonas,Hydrophila,facultative anaerobe,alkaliphile,0
Actinomycetota,Actinomycetes,Micrococcales,Intrasporangiaceae,Janibacter,,aerobe,alkaliphile,0
Pseudomonadota,Gammaproteobacteria,Enterobacterales,Enterobacteriaceae,Enterobacter,Aerogenes,aerobe,alkaliphile,0
Bacillota,Bacilli,Bacillales,Bacillaceae,Oceanobacillus,Oncorhynchi,aerobe,alkaliphile,1
Pseudomonadota,Gammaproteobacteria,Enterobacterales,Enterobacteriaceae,Enterobacter,Aerogenes,aerobe,alkaliphile,0
Bacillota,Bacilli,Lactobacillales,Aerococcaceae,Aerococcus,,facultative anaerobe,alkaliphile,0
Bacillota,Bacilli,Lactobacillales,Lactobacillaceae,Oenococcus,Kitaharae,aerobe,Unknown,Unknown
Pseudomonadota,Gammaproteobacteria,Enterobacterales,Enterobacteriaceae,Enterobacter,Aerogenes,aerobe,alkaliphile,0
Acidobacteriota,Terriglobia,Terriglobales,Acidobacteriaceae,Acidobacterium,,aerobe,acidophile,0
Bacillota,Tissierellia,Tissierellales,Tissierellaceae,Dethiosulfatibacter,,anaerobe,alkaliphile,0
Verrucomicrobiota,Verrucomicrobiia,Verrucomicrobiales,Akkermansiaceae,Akkermansia,Muciniphila,anaerobe,Unknown,Unknown
Bacillota,Bacilli,Lactobacillales,Lactobacillaceae,Weissella,Cibaria,anaerobe,alkaliphile,0
Pseudomonadota,Gammaproteobacteria,Enterobacterales,Enterobacteriaceae,Aquamonas,Haywardensis,Unknown,Unknown,Unknown
Pseudomonadota,Gammaproteobacteria,Enterobacterales,Enterobacteriaceae,Escherichia,Coli,facultative anaerobe,alkaliphile,0
Pseudomonadota,Gammaproteobacteria,Enterobacterales,Erwiniaceae,Erwinia,Oleae,facultative anaerobe,alkaliphile,0
Bacillota,Clostridia,Eubacteriales,Clostridiaceae,Clostridium,Aminophilum,anaerobe,alkaliphile,1
Pseudomonadota,Gammaproteobacteria,Enterobacterales,Enterobacteriaceae,Enterobacter,Aerogenes,aerobe,alkaliphile,0
Pseudomonadota,Gammaproteobacteria,Enterobacterales,Enterobacteriaceae,Enterobacter,Aerogenes,aerobe,alkaliphile,0
Pseudomonadota,Gammaproteobacteria,Enterobacterales,Pectobacteriaceae,Samsonia,Erythrinae,facultative anaerobe,Unknown,Unknown
Bacteroidota,Bacteroidia,Bacteroidales,Prevotellaceae,Prevotella,Intermedia,anaerobe,alkaliphile,0
Pseudomonadota,Alphaproteobacteria,Rhodospirillales,Thalassospiraceae,Thalassospira,Xiamenensis,aerobe,alkaliphile,0
Bacteroidota,Bacteroidia,Bacteroidales,Bacteroidaceae,Bacteroides,Acidifaciens,anaerobe,alkaliphile,0
Chloroflexota,Dehalococcoidia,Dehalococcoidales,Dehalococcoidaceae,Dehalococcoides,,anaerobe,Unknown,0
Pseudomonadota,Betaproteobacteria,Rhodocyclales,Rhodocyclaceae,Petrobacter,Succinatimandens,Unknown,Unknown,Unknown
Pseudomonadota,Betaproteobacteria,Burkholderiales,Comamonadaceae,Aquabacterium,,aerobe,alkaliphile,0
Actinomycetota,Actinomycetes,Bifidobacteriales,Bifidobacteriaceae,Bifidobacterium,Adolescentis,anaerobe,acidophile,0
Bacillota,Bacilli,Lactobacillales,Lactobacillaceae,Weissella,Paramesenteroides,anaerobe,alkaliphile,0
Pseudomonadota,Betaproteobacteria,Burkholderiales,Oxalobacteraceae,Massilia,Aerolata,aerobe,alkaliphile,0
Streptophyta,Magnoliopsida,Ericales,Theaceae,Gordonia,,aerobe,alkaliphile,0
Bacillota,Clostridia,Eubacteriales,Clostridiaceae,Clostridium,Aminophilum,anaerobe,alkaliphile,1
Bacillota,Tissierellia,Tissierellales,Peptoniphilaceae,Anaerococcus,,anaerobe,Unknown,Unknown
Bacillota,Clostridia,Eubacteriales,Clostridiaceae,Clostridium,Aminophilum,anaerobe,alkaliphile,1
Bacillota,Clostridia,Eubacteriales,Peptococcaceae,Desulfitobacter,,anaerobe,Unknown,1
Pseudomonadota,Gammaproteobacteria,Vibrionales,Vibrionaceae,Photobacterium,Rosenbergii,facultative anaerobe,alkaliphile,0
Pseudomonadota,Gammaproteobacteria,Pseudomonadales,Pseudomonadaceae,Pseudomonas,Viridiflava,aerobe,alkaliphile,0
Pseudomonadota,Gammaproteobacteria,Enterobacterales,Enterobacteriaceae,Enterobacter,Aerogenes,aerobe,alkaliphile,0
Actinomycetota,Actinomycetes,Bifidobacteriales,Bifidobacteriaceae,Scardovia,,anaerobe,Unknown,0
Pseudomonadota,Betaproteobacteria,Burkholderiales,Alcaligenaceae,Achromobacter,,aerobe,alkaliphile,0
Pseudomonadota,Alphaproteobacteria,Sphingomonadales,Sphingomonadaceae,Sphingobium,,aerobe,alkaliphile,0
Pseudomonadota,Alphaproteobacteria,Sphingomonadales,Sphingomonadaceae,Novosphingobium,,aerobe,alkaliphile,0
Pseudomonadota,Gammaproteobacteria,Enterobacterales,Enterobacteriaceae,Enterobacter,Aerogenes,aerobe,alkaliphile,0
Bacillota,Clostridia,Eubacteriales,Clostridiaceae,Clostridium,Saccharogumia,anaerobe,alkaliphile,1
Bacillota,Clostridia,Eubacteriales,Clostridiaceae,Clostridium,Aminophilum,anaerobe,alkaliphile,1
Streptophyta,Magnoliopsida,Cucurbitales,Cucurbitaceae,Citrullus,Lanatus,Unknown,Unknown,Unknown
Actinomycetota,Actinomycetes,Micromonosporales,Micromonosporaceae,Pilimelia,,Unknown,Unknown,1
Bacillota,Clostridia,Eubacteriales,Clostridiaceae,Clostridium,Aminophilum,anaerobe,alkaliphile,1
Bacteroidota,Flavobacteriia,Flavobacteriales,Flavobacteriaceae,Imtechella,Halotolerans,aerobe,alkaliphile,0
Bacillota,Bacilli,Lactobacillales,Lactobacillaceae,Lactobacillus,Plantarum,anaerobe,acidophile,0
Chloroflexota,Chloroflexia,Chloroflexales,Roseiflexaceae,Roseiflexus,,anaerobe,alkaliphile,Unknown
Pseudomonadota,Gammaproteobacteria,Enterobacterales,Enterobacteriaceae,Candidatus Profftia,Virida,Unknown,Unknown,Unknown
Synergistota,Synergistia,Synergistales,Dethiosulfovibrionaceae,Dethiosulfovibrio,Peptidovorans,anaerobe,alkaliphile,0
Pseudomonadota,Gammaproteobacteria,Enterobacterales,Enterobacteriaceae,Candidatus Ecksteinia,Adelgidicola,Unknown,Unknown,Unknown
Bacillota,Bacilli,Bacillales,Planococcaceae,Solibacillus,,aerobe,alkaliphile,1
Pseudomonadota,Betaproteobacteria,Burkholderiales,Comamonadaceae,Diaphorobacter,,aerobe,Unknown,Unknown
Pseudomonadota,Betaproteobacteria,Neisseriales,Leeiaceae,Leeia,Oryzae,aerobe,alkaliphile,0
Bacillota,Clostridia,Eubacteriales,Clostridiaceae,Clostridium,Aminophilum,anaerobe,alkaliphile,1
Bacillota,Clostridia,Eubacteriales,Clostridiaceae,Clostridium,Aminophilum,anaerobe,alkaliphile,1
Streptophyta,Magnoliopsida,Brassicales,Caricaceae,Carica,Papaya,Unknown,Unknown,Unknown
Streptophyta,Pinopsida,Araucariales,Podocarpaceae,Nageia,Nagi,Unknown,Unknown,Unknown
Arthropoda,Insecta,Phasmatodea,Bacillidae,Bacillus,Firmus,aerobe,alkaliphile,1
Bacillota,Clostridia,Eubacteriales,Desulfitobacteriaceae,Dehalobacter,,anaerobe,Unknown,Unknown
Arthropoda,Insecta,Phasmatodea,Bacillidae,Bacillus,Horti,aerobe,alkaliphile,1
Actinomycetota,Actinomycetes,Bifidobacteriales,Bifidobacteriaceae,Bifidobacterium,Adolescentis,anaerobe,acidophile,0
Actinomycetota,Actinomycetes,Bifidobacteriales,Bifidobacteriaceae,Bifidobacterium,Adolescentis,anaerobe,acidophile,0
Pseudomonadota,Betaproteobacteria,Rhodocyclales,Zoogloeaceae,Uliginosibacterium,,aerobe,acidophile,0
Acidobacteriota,Terriglobia,Terriglobales,Acidobacteriaceae,Acidobacterium,,aerobe,acidophile,0
Actinomycetota,Actinomycetes,Micrococcales,Micrococcaceae,Arthrobacter,Nitroguajacolicus,aerobe,alkaliphile,0
Bacillota,Bacilli,Lactobacillales,Lactobacillaceae,Weissella,Confusa,anaerobe,alkaliphile,0
Mycoplasmatota,Mollicutes,Mycoplasmatales,Mycoplasmataceae,Mycoplasma,Hyorhinis,aerobe,Unknown,Unknown
Pseudomonadota,Gammaproteobacteria,Enterobacterales,Enterobacteriaceae,Enterobacter,Aerogenes,aerobe,alkaliphile,0
Pseudomonadota,Gammaproteobacteria,Oceanospirillales,Oceanospirillaceae,Neptuniibacter,Caesariensis,aerobe,Unknown,Unknown
Euryarchaeota,Methanobacteria,Methanobacteriales,Methanobacteriaceae,Methanothermobacter,Thermautotrophicus,anaerobe,alkaliphile,Unknown
Acidobacteriota,Terriglobia,Terriglobales,Acidobacteriaceae,Acidobacterium,,aerobe,acidophile,0
Pseudomonadota,Alphaproteobacteria,Hyphomicrobiales,Nitrobacteraceae,Bradyrhizobium,,aerobe,alkaliphile,0
Bacillota,Clostridia,Eubacteriales,Clostridiaceae,Clostridium,Aminophilum,anaerobe,alkaliphile,1
Cyanobacteriota,Cyanophyceae,Leptolyngbyales,Leptolyngbyaceae,Leptolyngbya,,Unknown,Unknown,Unknown
Pseudomonadota,Betaproteobacteria,Neisseriales,Neisseriaceae,Neisseria,Subflava,microaerophile,alkaliphile,0
Bacteroidota,Bacteroidia,Bacteroidales,Bacteroidaceae,Bacteroides,Acidifaciens,anaerobe,alkaliphile,0
Verrucomicrobiota,Verrucomicrobiia,Verrucomicrobiales,Akkermansiaceae,Akkermansia,Muciniphila,anaerobe,Unknown,Unknown
Bacillota,Clostridia,Thermoanaerobacterales,Thermoanaerobacteraceae,Thermoanaerobacterium,,anaerobe,acidophile,1
Pseudomonadota,Gammaproteobacteria,Enterobacterales,Enterobacteriaceae,Enterobacter,Aerogenes,aerobe,alkaliphile,0
Bacteroidota,Flavobacteriia,Flavobacteriales,Weeksellaceae,Wautersiella,,Unknown,Unknown,Unknown
Pseudomonadota,Gammaproteobacteria,Pseudomonadales,Marinobacteraceae,Marinobacter,,aerobe,alkaliphile,0
Pseudomonadota,Gammaproteobacteria,Thiotrichales,Piscirickettsiaceae,Thiomicrospira,,microaerophile,alkaliphile,Unknown
Bacillota,Clostridia,Peptostreptococcales,Acidaminobacteraceae,Acidaminobacter,,anaerobe,Unknown,Unknown
Pseudomonadota,Gammaproteobacteria,Enterobacterales,Enterobacteriaceae,Enterobacter,Aerogenes,aerobe,alkaliphile,0
Chlorobiota,Chlorobiia,Chlorobiales,Chlorobiaceae,Chlorobium,Chlorochromatii,anaerobe,Unknown,Unknown
Bacillota,Negativicutes,Selenomonadales,Sporomusaceae,Thermosinus,,anaerobe,Unknown,0
Acidobacteriota,Terriglobia,Terriglobales,Acidobacteriaceae,Acidobacterium,,aerobe,acidophile,0
Pseudomonadota,Gammaproteobacteria,Pseudomonadales,Perlucidibacaceae,Perlucidibaca,,aerobe,alkaliphile,Unknown
Pseudomonadota,Gammaproteobacteria,Pasteurellales,Pasteurellaceae,Haemophilus,Influenzae-Murium,microaerophile,Unknown,0
Pseudomonadota,Betaproteobacteria,Rhodocyclales,Zoogloeaceae,Thauera,,aerobe,alkaliphile,0
Pseudomonadota,Alphaproteobacteria,Rhodospirillales,Acetobacteraceae,Gluconacetobacter,Liquefaciens,aerobe,acidophile,0
Pseudomonadota,Betaproteobacteria,Burkholderiales,Comamonadaceae,Lampropedia,,aerobe,alkaliphile,0
Pseudomonadota,Betaproteobacteria,Nitrosomonadales,Nitrosomonadaceae,Nitrosomonas,Marina,aerobe,alkaliphile,1
Bacillota,Clostridia,Eubacteriales,Clostridiaceae,Clostridium,Aminophilum,anaerobe,alkaliphile,1
Bacteroidota,Flavobacteriia,Flavobacteriales,Flavobacteriaceae,Lutaonella,Thermophilus,aerobe,alkaliphile,1
Pseudomonadota,Gammaproteobacteria,Methylococcales,Methylococcaceae,Methylomicrobium,Buryatense,aerobe,acidophile,0
Thermodesulfobacteriota,Desulfovibrionia,Desulfovibrionales,Desulfovibrionaceae,Desulfovibrio,Aminophilus,anaerobe,alkaliphile,0
Pseudomonadota,Gammaproteobacteria,Enterobacterales,Enterobacteriaceae,Enterobacter,Aerogenes,aerobe,alkaliphile,0
Pseudomonadota,Betaproteobacteria,Rhodocyclales,Rhodocyclaceae,Azovibrio,,Unknown,Unknown,Unknown
Pseudomonadota,Gammaproteobacteria,Enterobacterales,Enterobacteriaceae,Enterobacter,Aerogenes,aerobe,alkaliphile,0
Arthropoda,Insecta,Phasmatodea,Bacillidae,Bacillus,Selenatarsenatis,aerobe,alkaliphile,1
Arthropoda,Insecta,Phasmatodea,Bacillidae,Bacillus,Flexus,aerobe,alkaliphile,1
Bacteroidota,Flavobacteriia,Flavobacteriales,Flavobacteriaceae,Myroides,Odoratimimus,aerobe,alkaliphile,0
Verrucomicrobiota,Verrucomicrobiia,Verrucomicrobiales,Verrucomicrobiaceae,Haloferula,Rosea,aerobe,alkaliphile,0
Pseudomonadota,Gammaproteobacteria,Cellvibrionales,Cellvibrionaceae,Cellvibrio,,aerobe,alkaliphile,0
Pseudomonadota,Gammaproteobacteria,Moraxellales,Moraxellaceae,Acinetobacter,Johnsonii,aerobe,alkaliphile,0
Pseudomonadota,Gammaproteobacteria,Enterobacterales,Enterobacteriaceae,Enterobacter,Aerogenes,aerobe,alkaliphile,0
Chloroflexota,Dehalococcoidia,Dehalococcoidales,Dehalococcoidaceae,Dehalococcoides,,anaerobe,Unknown,0
Pseudomonadota,Gammaproteobacteria,Enterobacterales,Enterobacteriaceae,Enterobacter,Aerogenes,aerobe,alkaliphile,0
Pseudomonadota,Alphaproteobacteria,Rhodobacterales,Roseobacteraceae,Nautella,Italica,Unknown,Unknown,Unknown
Deferribacterota,Deferribacteres,Deferribacterales,Calditerrivibrionaceae,Calditerrivibrio,Nitroreducens,anaerobe,Unknown,0
Pseudomonadota,Gammaproteobacteria,Enterobacterales,Pectobacteriaceae,Brenneria,Alni,facultative anaerobe,alkaliphile,Unknown
Acidobacteriota,Terriglobia,Bryobacterales,Solibacteraceae,Candidatus Solibacter,,Unknown,Unknown,Unknown
Acidobacteriota,Terriglobia,Terriglobales,Acidobacteriaceae,Acidobacterium,,aerobe,acidophile,0
Arthropoda,Insecta,Phasmatodea,Bacillidae,Bacillus,Aurantiacus,aerobe,alkaliphile,1
Pseudomonadota,Gammaproteobacteria,Enterobacterales,Enterobacteriaceae,Enterobacter,Aerogenes,aerobe,alkaliphile,0
Pseudomonadota,Betaproteobacteria,Nitrosomonadales,Sterolibacteriaceae,Methyloversatilis,,aerobe,Unknown,Unknown
Bacillota,Bacilli,Bacillales,Thermoactinomycetaceae,Thermoflavimicrobium,Dichotomicum,aerobe,alkaliphile,1
Thermodesulfobacteriota,Desulfobaccia,Desulfobaccales,Desulfobaccaceae,Desulfobacca,,anaerobe,Unknown,Unknown
Verrucomicrobiota,Verrucomicrobiia,Verrucomicrobiales,Akkermansiaceae,Akkermansia,Muciniphila,anaerobe,Unknown,Unknown
Bacillota,Clostridia,Peptostreptococcales,Thermotaleaceae,Geosporobacter,,anaerobe,Unknown,1
Bacillota,Clostridia,Thermoanaerobacterales,Thermoanaerobacteraceae,Thermoanaerobacter,,anaerobe,acidophile,1
Chloroflexota,Dehalococcoidia,Dehalococcoidales,Dehalococcoidaceae,Dehalococcoides,,anaerobe,Unknown,0
Bacillota,Dethiobacteria,Dethiobacterales,Dethiobacteraceae,Dethiobacter,,anaerobe,Unknown,Unknown
Cyanobacteriota,Cyanophyceae,Synechococcales,Synechococcaceae,Synechococcus,,Unknown,Unknown,Unknown
Chlorobiota,Chlorobiia,Chlorobiales,Chlorobiaceae,Chlorobium,Chlorochromatii,anaerobe,Unknown,Unknown
Bacillota,Clostridia,Eubacteriales,Clostridiaceae,Proteiniborus,Ethanoligenes,anaerobe,alkaliphile,0
Bacteroidota,Bacteroidia,Bacteroidales,Prevotellaceae,Prevotella,Ruminicola,anaerobe,alkaliphile,0
Arthropoda,Insecta,Hemiptera,Pseudococcidae,Paracoccus,Marcusii,aerobe,alkaliphile,0
Pseudomonadota,Alphaproteobacteria,Rhodobacterales,Roseobacteraceae,Roseivivax,,aerobe,alkaliphile,Unknown
Pseudomonadota,Alphaproteobacteria,Rhodobacterales,Paracoccaceae,Rhodobacter,,aerobe,alkaliphile,0
Pseudomonadota,Alphaproteobacteria,Rhodobacterales,Paracoccaceae,Rhodovulum,,anaerobe,alkaliphile,0
Pseudomonadota,Alphaproteobacteria,Rhodobacterales,Roseobacteraceae,Roseisalinus,Antarcticus,microaerophile,alkaliphile,0
Pseudomonadota,Alphaproteobacteria,Rhodobacterales,Roseobacteraceae,Maritimibacter,Alkaliphilus,anaerobe,alkaliphile,1
Arthropoda,Insecta,Phasmatodea,Bacillidae,Bacillus,Coagulans,aerobe,alkaliphile,1
Actinomycetota,Actinomycetes,Pseudonocardiales,Pseudonocardiaceae,Amycolatopsis,,aerobe,alkaliphile,1
Pseudomonadota,Gammaproteobacteria,Enterobacterales,Enterobacteriaceae,Enterobacter,Aerogenes,aerobe,alkaliphile,0
Bacillota,Bacilli,Lactobacillales,Lactobacillaceae,Lactobacillus,Vaginalis,anaerobe,acidophile,0
Actinomycetota,Rubrobacteria,Rubrobacterales,Rubrobacteraceae,Rubrobacter,,aerobe,alkaliphile,0
Bacillota,Bacilli,Bacillales,Bacillaceae,Ornithinibacillus,Scapharcae,aerobe,alkaliphile,1
Pseudomonadota,Gammaproteobacteria,Enterobacterales,Enterobacteriaceae,Enterobacter,Aerogenes,aerobe,alkaliphile,0
Bacillota,Bacilli,Lactobacillales,Lactobacillaceae,Lactobacillus,Coleohominis,anaerobe,acidophile,0
Pseudomonadota,Gammaproteobacteria,Enterobacterales,Enterobacteriaceae,Enterobacter,Aerogenes,aerobe,alkaliphile,0
Arthropoda,Insecta,Coleoptera,Curculionidae,Syntrophus,,anaerobe,Unknown,Unknown
Actinomycetota,Actinomycetes,Bifidobacteriales,Bifidobacteriaceae,Bifidobacterium,Adolescentis,anaerobe,acidophile,0
Actinomycetota,Actinomycetes,Mycobacteriales,Nocardiaceae,Nocardia,,aerobe,alkaliphile,1
Actinomycetota,Actinomycetes,Bifidobacteriales,Bifidobacteriaceae,Bifidobacterium,Adolescentis,anaerobe,acidophile,0
Thermodesulfobacteriota,Desulfuromonadia,Desulfuromonadales,Desulfuromonadaceae,Pelobacter,,anaerobe,Unknown,Unknown
Pseudomonadota,Gammaproteobacteria,Chromatiales,Chromatiaceae,Marichromatium,Fluminis,anaerobe,Unknown,Unknown
Pseudomonadota,Alphaproteobacteria,Hyphomicrobiales,Aurantimonadaceae,Aurantimonas,,aerobe,alkaliphile,0
Pseudomonadota,Gammaproteobacteria,Enterobacterales,Enterobacteriaceae,Enterobacter,Aerogenes,aerobe,alkaliphile,0
Chloroflexota,Dehalococcoidia,Dehalococcoidales,Dehalococcoidaceae,Dehalococcoides,,anaerobe,Unknown,0
Bacillota,Clostridia,Eubacteriales,Clostridiaceae,Caldanaerocella,,Unknown,Unknown,Unknown
Pseudomonadota,Alphaproteobacteria,Rhodobacterales,Paracoccaceae,Rhodobacter,,aerobe,alkaliphile,0
Actinomycetota,Actinomycetes,Micrococcales,Microbacteriaceae,Rathayibacter,,obligate aerobe,Unknown,Unknown
Pseudomonadota,Gammaproteobacteria,Enterobacterales,Enterobacteriaceae,Enterobacter,Aerogenes,aerobe,alkaliphile,0
Actinomycetota,Actinomycetes,Bifidobacteriales,Bifidobacteriaceae,Bifidobacterium,Adolescentis,anaerobe,acidophile,0
Acidobacteriota,Terriglobia,Terriglobales,Acidobacteriaceae,Acidobacterium,,aerobe,acidophile,0
Actinomycetota,Actinomycetes,Bifidobacteriales,Bifidobacteriaceae,Bifidobacterium,Adolescentis,anaerobe,acidophile,0
Bacteroidota,Cytophagia,Cytophagales,Leadbetterellaceae,Leadbetterella,,aerobe,Unknown,Unknown
Cyanobacteriota,Cyanophyceae,Gloeobacterales,Gloeobacteraceae,Gloeobacter,Violaceus,Unknown,Unknown,Unknown
Thermodesulfobacteriota,Desulfobacteria,Desulfobacterales,Desulfobacteraceae,Desulfotignum,,anaerobe,alkaliphile,Unknown
Euryarchaeota,Methanobacteria,Methanobacteriales,Methanobacteriaceae,Methanobacterium,Bryantii,anaerobe,alkaliphile,0
Pseudomonadota,Betaproteobacteria,Burkholderiales,Comamonadaceae,Rhodoferax,,aerobe,alkaliphile,Unknown
Verrucomicrobiota,Verrucomicrobiia,Verrucomicrobiales,Akkermansiaceae,Akkermansia,Muciniphila,anaerobe,Unknown,Unknown
Chloroflexota,Dehalococcoidia,Dehalococcoidales,Dehalococcoidaceae,Dehalococcoides,,anaerobe,Unknown,0
Pseudomonadota,Gammaproteobacteria,Chromatiales,Ectothiorhodospiraceae,Halorhodospira,,anaerobe,Unknown,Unknown
Pseudomonadota,Betaproteobacteria,Burkholderiales,Burkholderiaceae,Candidatus Glomeribacter,,Unknown,Unknown,Unknown
Bacillota,Bacilli,Bacillales,Paenibacillaceae,Ammoniphilus,,facultative anaerobe,alkaliphile,1
Pseudomonadota,Gammaproteobacteria,Enterobacterales,Enterobacteriaceae,Enterobacter,Aerogenes,aerobe,alkaliphile,0
Acidobacteriota,Terriglobia,Terriglobales,Acidobacteriaceae,Acidobacterium,,aerobe,acidophile,0
Pseudomonadota,Alphaproteobacteria,Hyphomicrobiales,Hyphomicrobiaceae,Rhodoplanes,,anaerobe,alkaliphile,Unknown
Actinomycetota,Actinomycetes,Streptosporangiales,Streptosporangiaceae,Thermobispora,Bispora,Unknown,Unknown,Unknown
Bacillota,Clostridia,Eubacteriales,Clostridiaceae,Clostridium,Botulinum,anaerobe,alkaliphile,1
Actinomycetota,Actinomycetes,Propionibacteriales,Nocardioidaceae,Nocardioides,,aerobe,alkaliphile,0
Bacillota,Clostridia,Eubacteriales,Clostridiaceae,Clostridium,Venationis,anaerobe,alkaliphile,1
Pseudomonadota,Gammaproteobacteria,Enterobacterales,Enterobacteriaceae,Enterobacter,Aerogenes,aerobe,alkaliphile,0
Bacteroidota,Flavobacteriia,Flavobacteriales,Flavobacteriaceae,Psychroflexus,,aerobe,alkaliphile,0
Bacillota,Bacilli,Lactobacillales,Streptococcaceae,Streptococcus,Sobrinus,facultative anaerobe,alkaliphile,0
Rhodothermota,Rhodothermia,Rhodothermales,Rhodothermaceae,Rhodothermus,,aerobe,Unknown,0
Thermodesulfobacteriota,Desulfovibrionia,Desulfovibrionales,Desulfomicrobiaceae,Desulfomicrobium,,anaerobe,Unknown,Unknown
Bacteroidota,Flavobacteriia,Flavobacteriales,Weeksellaceae,Cloacibacterium,,aerobe,alkaliphile,0
Campylobacterota,Epsilonproteobacteria,Campylobacterales,Helicobacteraceae,Helicobacter,Pylori,microaerophile,Unknown,0
Deferribacterota,Deferribacteres,Deferribacterales,Flexistipitaceae,Flexistipes,,anaerobe,Unknown,Unknown
Thermotogota,Thermotogae,Thermotogales,Thermotogaceae,Thermotoga,,anaerobe,alkaliphile,Unknown
Bacillota,Clostridia,Eubacteriales,Peptococcaceae,Desulfonispora,Thiosulfatigenes,anaerobe,Unknown,Unknown
Pseudomonadota,Gammaproteobacteria,Enterobacterales,Budviciaceae,Pragia,Fontium,Unknown,Unknown,Unknown
Actinomycetota,Actinomycetes,Bifidobacteriales,Bifidobacteriaceae,Alloscardovia,,anaerobe,acidophile,0
Pseudomonadota,Gammaproteobacteria,Methylococcales,Methylococcaceae,Methylomonas,,aerobe,acidophile,Unknown
Pseudomonadota,Gammaproteobacteria,Enterobacterales,Morganellaceae,Xenorhabdus,Poinarii,facultative anaerobe,Unknown,0
Pseudomonadota,Gammaproteobacteria,Enterobacterales,Pectobacteriaceae,Brenneria,Salicis,facultative anaerobe,alkaliphile,Unknown
Pseudomonadota,Gammaproteobacteria,Enterobacterales,Enterobacteriaceae,Enterobacter,Aerogenes,aerobe,alkaliphile,0
Actinomycetota,Actinomycetes,Micrococcales,Cellulomonadaceae,Cellulomonas,,aerobe,alkaliphile,0
Pseudomonadota,Alphaproteobacteria,Sphingomonadales,Sphingomonadaceae,Kaistobacter,,Unknown,Unknown,Unknown
Pseudomonadota,Alphaproteobacteria,Hyphomicrobiales,Hyphomicrobiaceae,Hyphomicrobium,Zavarzinii,aerobe,alkaliphile,Unknown
Pseudomonadota,Gammaproteobacteria,Thiotrichales,Piscirickettsiaceae,Thioalkalimicrobium,,obligate aerobe,alkaliphile,Unknown
Chloroflexota,Dehalococcoidia,Dehalococcoidales,Dehalococcoidaceae,Dehalococcoides,,anaerobe,Unknown,0
Pseudomonadota,Gammaproteobacteria,Alteromonadales,Pseudoalteromonadaceae,Pseudoalteromonas,Tunicata,obligate aerobe,alkaliphile,0
Pseudomonadota,Gammaproteobacteria,Enterobacterales,Enterobacteriaceae,Raoultella,Terrigena,Unknown,Unknown,Unknown
Pseudomonadota,Gammaproteobacteria,Enterobacterales,Erwiniaceae,Erwinia,Soli,aerobe,alkaliphile,0
Thermodesulfobacteriota,Desulfovibrionia,Desulfovibrionales,Desulfovibrionaceae,Desulfovibrio,Cavernae,anaerobe,alkaliphile,0
Bacillota,Bacilli,Lactobacillales,Enterococcaceae,Melissococcus,Plutonius,anaerobe,Unknown,Unknown
Pseudomonadota,Gammaproteobacteria,Enterobacterales,Morganellaceae,Xenorhabdus,Romanii,facultative anaerobe,Unknown,0
Pseudomonadota,Gammaproteobacteria,Pasteurellales,Pasteurellaceae,Haemophilus,Influenzae,microaerophile,Unknown,0
Actinomycetota,Nitriliruptoria,Euzebyales,Euzebyaceae,Euzebya,,aerobe,alkaliphile,0
Bacteroidota,Flavobacteriia,Flavobacteriales,Crocinitomicaceae,Fluviicola,,aerobe,alkaliphile,0
Bacteroidota,Flavobacteriia,Flavobacteriales,Flavobacteriaceae,Polaribacter,,aerobe,alkaliphile,0
Pseudomonadota,Betaproteobacteria,Burkholderiales,Burkholderiaceae,Thiomonas,Cuprina,aerobe,acidophile,0
Pseudomonadota,Gammaproteobacteria,Enterobacterales,Enterobacteriaceae,Enterobacter,Aerogenes,aerobe,alkaliphile,0
Pseudomonadota,Gammaproteobacteria,Enterobacterales,Enterobacteriaceae,Enterobacter,Aerogenes,aerobe,alkaliphile,0
Pseudomonadota,Alphaproteobacteria,Maricaulales,Maricaulaceae,Oceanicaulis,,aerobe,alkaliphile,Unknown
Actinomycetota,Actinomycetes,Micrococcales,Microbacteriaceae,Curtobacterium,,aerobe,acidophile,0
Bacillota,Clostridia,Eubacteriales,Clostridiaceae,Clostridium,Sticklandii,anaerobe,alkaliphile,1
Arthropoda,Insecta,Phasmatodea,Bacillidae,Bacillus,Coahuilensis,aerobe,alkaliphile,1
Actinomycetota,Actinomycetes,Micrococcales,Sanguibacteraceae,Sanguibacter,,aerobe,alkaliphile,0
Bacillota,Bacilli,Bacillales,Planococcaceae,Sporosarcina,,aerobe,alkaliphile,1
Bacillota,Clostridia,Eubacteriales,Clostridiaceae,Clostridium,Aminophilum,anaerobe,alkaliphile,1
Euryarchaeota,Methanomicrobia,Methanosarcinales,Methanosaetaceae,Methanosaeta,,anaerobe,Unknown,Unknown
Pseudomonadota,Betaproteobacteria,Rhodocyclales,Rhodocyclaceae,Azospira,,aerobe,Unknown,0
Pseudomonadota,Gammaproteobacteria,Alteromonadales,Idiomarinaceae,Pseudidiomarina,,aerobe,alkaliphile,0
Pseudomonadota,Gammaproteobacteria,Alteromonadales,Alteromonadaceae,Agarivorans,,aerobe,alkaliphile,0
Pseudomonadota,Gammaproteobacteria,Enterobacterales,Enterobacteriaceae,Enterobacter,Aerogenes,aerobe,alkaliphile,0
Pseudomonadota,Gammaproteobacteria,Thiotrichales,Thiotrichaceae,Thiothrix,,aerobe,alkaliphile,Unknown
Arthropoda,Insecta,Coleoptera,Lampyridae,Serratia,Ureilytica,aerobe,alkaliphile,0
Pseudomonadota,Gammaproteobacteria,Enterobacterales,Yersiniaceae,Ewingella,Americana,aerobe,Unknown,Unknown
Bacillota,Bacilli,Bacillales,Planococcaceae,Kurthia,,obligate aerobe,Unknown,Unknown
Pseudomonadota,Gammaproteobacteria,Enterobacterales,Enterobacteriaceae,Enterobacter,Radicincitans,aerobe,alkaliphile,0
Bacteroidota,Bacteroidia,Bacteroidales,Bacteroidaceae,Bacteroides,Acidifaciens,anaerobe,alkaliphile,0
Bacillota,Clostridia,Eubacteriales,Desulfotomaculaceae,Pelotomaculum,,anaerobe,Unknown,1
Pseudomonadota,Betaproteobacteria,Neisseriales,Neisseriaceae,Neisseria,Iguanae,microaerophile,alkaliphile,0
Pseudomonadota,Betaproteobacteria,Burkholderiales,Comamonadaceae,Verminephrobacter,,Unknown,Unknown,Unknown
Bacillota,Bacilli,Lactobacillales,Lactobacillaceae,Lactobacillus,Zeae,anaerobe,acidophile,0
Synergistota,Synergistia,Synergistales,Synergistaceae,Cloacibacillus,,anaerobe,acidophile,0
Pseudomonadota,Gammaproteobacteria,Enterobacterales,Enterobacteriaceae,Enterobacter,Aerogenes,aerobe,alkaliphile,0
Spirochaetota,Spirochaetia,Spirochaetales,Sphaerochaetaceae,Sphaerochaeta,,anaerobe,Unknown,Unknown
Bacillota,Clostridia,Peptostreptococcales,Natronincolaceae,Anaerovirgula,,anaerobe,Unknown,Unknown
Bacillota,Clostridia,Eubacteriales,Desulfotomaculaceae,Desulfotomaculum,,anaerobe,alkaliphile,1
Bacillota,Clostridia,Thermoanaerobacterales,Thermoanaerobacteraceae,Desulfovirgula,,anaerobe,Unknown,1
Bacillota,Clostridia,Eubacteriales,Desulfitobacteriaceae,Syntrophobotulus,,anaerobe,Unknown,Unknown
Bacillota,Clostridia,Peptostreptococcales,Thermotaleaceae,Thermotalea,,anaerobe,alkaliphile,0
