store,taxon_id,scientific_name,rank,ncbi_tax_id,stored_phylum,ncbi_phylum,action
mysql,42,Methanocorpusculum,genus,2192,Euryarchaeota,Methanobacteriota,reported_only
mysql,81,Methanobrevibacter,genus,2172,Euryarchaeota,Methanobacteriota,reported_only
mysql,108,Methanobacterium bryantii,species,2161,Euryarchaeota,Methanobacteriota,reported_only
mysql,512,Methanothermobacter thermautotrophicus,species,145262,Euryarchaeota,Methanobacteriota,reported_only
mysql,645,Methanosaeta,genus,2222,Euryarchaeota,Methanobacteriota,reported_only
mysql,704,Archaeoglobus fulgidus,species,2234,Euryarchaeota,Methanobacteriota,reported_only
mysql,991,Aeropyrum pernix,species,56636,Crenarchaeota,Thermoproteota,reported_only
mysql,1012,Enterobacter intestinihominis,species,3133180,Pseudomonadata,Proteobacteria,reported_only
mysql,1157,Gonapodya prolifera,species,1123529,Chytridiomycota,Monoblepharomycota,reported_only
mysql,1183,Haloarcula marismortui,species,2238,Euryarchaeota,Methanobacteriota,reported_only
mysql,1185,Halobacterium salinarum,species,2242,Euryarchaeota,Methanobacteriota,reported_only
mysql,1187,Halococcus morrhuae,species,2250,Euryarchaeota,Methanobacteriota,reported_only
mysql,1189,Haloferax volcanii,species,2246,Euryarchaeota,Methanobacteriota,reported_only
mysql,1322,Metallosphaera sedula,species,43687,Crenarchaeota,Thermoproteota,reported_only
mysql,1325,Methanobrevibacter ruminantium,species,634498,Euryarchaeota,Methanobacteriota,reported_only
mysql,1326,Methanobrevibacter smithii,species,2173,Euryarchaeota,Methanobacteriota,reported_only
mysql,1327,Methanocaldococcus fervens,species,83171,Euryarchaeota,Methanobacteriota,reported_only
mysql,1328,Methanocaldococcus infernus,species,67760,Euryarchaeota,Methanobacteriota,reported_only
mysql,1329,Methanocaldococcus jannaschii,species,2190,Euryarchaeota,Methanobacteriota,reported_only
mysql,1330,Methanocaldococcus vulcanius,species,73913,Euryarchaeota,Methanobacteriota,reported_only
mysql,1331,Methanococcoides burtonii,species,29291,Euryarchaeota,Methanobacteriota,reported_only
mysql,1332,Methanococcus aeolicus,species,42879,Euryarchaeota,Methanobacteriota,reported_only
mysql,1333,Methanococcus maripaludis,species,39152,Euryarchaeota,Methanobacteriota,reported_only
mysql,1334,Methanococcus vannielii,species,2187,Euryarchaeota,Methanobacteriota,reported_only
mysql,1335,Methanococcus voltae,species,2188,Euryarchaeota,Methanobacteriota,reported_only
mysql,1336,Methanocorpusculum labreanum,species,83984,Euryarchaeota,Methanobacteriota,reported_only
mysql,1337,Methanoculleus marisnigri,species,2198,Euryarchaeota,Methanobacteriota,reported_only
mysql,1338,Methanohalobium evestigatum,species,2322,Euryarchaeota,Methanobacteriota,reported_only
mysql,1339,Methanohalophilus mahii,species,2176,Euryarchaeota,Methanobacteriota,reported_only
mysql,1340,Methanomassiliicoccus luminyensis,species,1080712,Euryarchaeota,Thermoplasmatota,reported_only
mysql,1341,Methanomassiliicoccus intestinalis,species,1406512,Euryarchaeota,Thermoplasmatota,reported_only
mysql,1342,Methanopyrus kandleri,species,2320,Euryarchaeota,Methanobacteriota,reported_only
mysql,1343,Methanosarcina acetivorans,species,2214,Euryarchaeota,Methanobacteriota,reported_only
mysql,1344,Methanosarcina barkeri,species,2208,Euryarchaeota,Methanobacteriota,reported_only
mysql,1345,Methanosarcina mazei,species,2209,Euryarchaeota,Methanobacteriota,reported_only
mysql,1346,Methanosphaera stadtmanae,species,2317,Euryarchaeota,Methanobacteriota,reported_only
mysql,1347,Methanosphaerula palustris,species,475088,Euryarchaeota,Methanobacteriota,reported_only
mysql,1349,Ignicoccus hospitalis,species,160233,Crenarchaeota,Thermoproteota,reported_only
mysql,1639,Pyrobaculum aerophilum,species,13773,Crenarchaeota,Thermoproteota,reported_only
mysql,1641,Pyrobaculum calidifontis,species,181486,Crenarchaeota,Thermoproteota,reported_only
mysql,1643,Pyrococcus abyssi,species,29292,Euryarchaeota,Methanobacteriota,reported_only
mysql,1645,Pyrococcus furiosus,species,2261,Euryarchaeota,Methanobacteriota,reported_only
mysql,1647,Pyrococcus horikoshii,species,53953,Euryarchaeota,Methanobacteriota,reported_only
mysql,1664,Rhizophagus irregularis,species,588596,Mucoromycota,Glomeromycota,reported_only
mysql,1678,Sphaerobacter thermophilus,species,2057,Chloroflexi,Thermomicrobiota,reported_only
mysql,1683,Rhodothermus marinus,species,29549,Bacteroidetes,Rhodothermota,reported_only
mysql,1739,Saccharolobus solfataricus,species,2287,Crenarchaeota,Thermoproteota,reported_only
mysql,1904,Sulfolobus acidocaldarius,species,2285,Crenarchaeota,Thermoproteota,reported_only
mysql,1924,Methanospirillum hungatei,species,2203,Euryarchaeota,Methanobacteriota,reported_only
mysql,1928,Methanothermobacter marburgensis,species,145263,Euryarchaeota,Methanobacteriota,reported_only
mysql,1933,Methanothermococcus okinawensis,species,155863,Euryarchaeota,Methanobacteriota,reported_only
mysql,1937,Methanothermus fervidus,species,2180,Euryarchaeota,Methanobacteriota,reported_only
mysql,2011,Thermococcus barophilus,species,55802,Euryarchaeota,Methanobacteriota,reported_only
mysql,2013,Thermococcus gammatolerans,species,187878,Euryarchaeota,Methanobacteriota,reported_only
mysql,2015,Thermococcus onnurineus,species,342948,Euryarchaeota,Methanobacteriota,reported_only
mysql,2017,Thermococcus sibiricus,species,172049,Euryarchaeota,Methanobacteriota,reported_only
mysql,2023,Thermoplasma acidophilum,species,2303,Euryarchaeota,Thermoplasmatota,reported_only
mysql,2036,Monoblepharis insignis,species,109953,Chytridiomycota,Monoblepharomycota,reported_only
mysql,2170,Methanomassiliicoccus candidatus methanomassiliicoccus intestinalis,species,1295009,Candidatus thermoplasmatota,Thermoplasmatota,reported_only
mysql,3230,Sphingomonas sphingobacterium paucimobilis,species,1346330,Proteobacteria,Bacteroidetes,reported_only
sqlite,42,Methanocorpusculum,genus,2192,Euryarchaeota,Methanobacteriota,reported_only
sqlite,81,Methanobrevibacter,genus,2172,Euryarchaeota,Methanobacteriota,reported_only
sqlite,108,Methanobacterium bryantii,species,2161,Euryarchaeota,Methanobacteriota,reported_only
sqlite,512,Methanothermobacter thermautotrophicus,species,145262,Euryarchaeota,Methanobacteriota,reported_only
sqlite,644,Methanosaeta,genus,2222,Euryarchaeota,Methanobacteriota,reported_only
sqlite,703,Archaeoglobus fulgidus,species,2234,Euryarchaeota,Methanobacteriota,reported_only
sqlite,836,Bilophila wadsworthia,species,35833,Proteobacteria,Thermodesulfobacteriota,normalized
sqlite,989,Aeropyrum pernix,species,56636,Crenarchaeota,Thermoproteota,reported_only
sqlite,1021,Desulfarculus baarsii,species,453230,Proteobacteria,Thermodesulfobacteriota,normalized
sqlite,1024,Desulfatibacillum alkenivorans,species,259354,Proteobacteria,Thermodesulfobacteriota,normalized
sqlite,1031,Desulfobacterium autotrophicum,species,2296,Proteobacteria,Thermodesulfobacteriota,normalized
sqlite,1034,Desulfobulbus propionicus,species,894,Proteobacteria,Thermodesulfobacteriota,normalized
sqlite,1036,Desulfohalobium retbaense,species,45663,Proteobacteria,Thermodesulfobacteriota,normalized
sqlite,1038,Desulfomicrobium baculatum,species,899,Proteobacteria,Thermodesulfobacteriota,normalized
sqlite,1040,Desulfonatronospira thiodismutans,species,488939,Proteobacteria,Thermodesulfobacteriota,normalized
sqlite,1042,Desulfotalea psychrophila,species,84980,Proteobacteria,Thermodesulfobacteriota,normalized
sqlite,1048,Desulfovibrio desulfuricans,species,876,Proteobacteria,Thermodesulfobacteriota,normalized
sqlite,1050,Desulfovibrio magneticus,species,184917,Proteobacteria,Thermodesulfobacteriota,normalized
sqlite,1052,Desulfovibrio piger,species,901,Proteobacteria,Thermodesulfobacteriota,normalized
sqlite,1054,Desulfovibrio salexigens,species,880,Proteobacteria,Thermodesulfobacteriota,normalized
sqlite,1056,Desulfovibrio sp. 3_1_syn3,species,457398,Proteobacteria,Thermodesulfobacteriota,normalized
sqlite,1058,Desulfuromonas acetoxidans,species,891,Proteobacteria,Thermodesulfobacteriota,normalized
sqlite,1137,Geobacter bemidjiensis,species,225194,Proteobacteria,Thermodesulfobacteriota,normalized
sqlite,1139,Geobacter metallireducens,species,28232,Proteobacteria,Thermodesulfobacteriota,normalized
sqlite,1141,Geobacter sulfurreducens,species,35554,Proteobacteria,Thermodesulfobacteriota,normalized
sqlite,1155,Gonapodya prolifera,species,1123529,Chytridiomycota,Monoblepharomycota,reported_only
sqlite,1181,Haloarcula marismortui,species,2238,Euryarchaeota,Methanobacteriota,reported_only
sqlite,1183,Halobacterium salinarum,species,2242,Euryarchaeota,Methanobacteriota,reported_only
sqlite,1185,Halococcus morrhuae,species,2250,Euryarchaeota,Methanobacteriota,reported_only
sqlite,1187,Haloferax volcanii,species,2246,Euryarchaeota,Methanobacteriota,reported_only
sqlite,1320,Metallosphaera sedula,species,43687,Crenarchaeota,Thermoproteota,reported_only
sqlite,1323,Methanobrevibacter ruminantium,species,634498,Euryarchaeota,Methanobacteriota,reported_only
sqlite,1324,Methanobrevibacter smithii,species,2173,Euryarchaeota,Methanobacteriota,reported_only
sqlite,1325,Methanocaldococcus fervens,species,83171,Euryarchaeota,Methanobacteriota,reported_only
sqlite,1326,Methanocaldococcus infernus,species,67760,Euryarchaeota,Methanobacteriota,reported_only
sqlite,1327,Methanocaldococcus jannaschii,species,2190,Euryarchaeota,Methanobacteriota,reported_only
sqlite,1328,Methanocaldococcus vulcanius,species,73913,Euryarchaeota,Methanobacteriota,reported_only
sqlite,1329,Methanococcoides burtonii,species,29291,Euryarchaeota,Methanobacteriota,reported_only
sqlite,1330,Methanococcus aeolicus,species,42879,Euryarchaeota,Methanobacteriota,reported_only
sqlite,1331,Methanococcus maripaludis,species,39152,Euryarchaeota,Methanobacteriota,reported_only
sqlite,1332,Methanococcus vannielii,species,2187,Euryarchaeota,Methanobacteriota,reported_only
sqlite,1333,Methanococcus voltae,species,2188,Euryarchaeota,Methanobacteriota,reported_only
sqlite,1334,Methanocorpusculum labreanum,species,83984,Euryarchaeota,Methanobacteriota,reported_only
sqlite,1335,Methanoculleus marisnigri,species,2198,Euryarchaeota,Methanobacteriota,reported_only
sqlite,1336,Methanohalobium evestigatum,species,2322,Euryarchaeota,Methanobacteriota,reported_only
sqlite,1337,Methanohalophilus mahii,species,2176,Euryarchaeota,Methanobacteriota,reported_only
sqlite,1338,Methanomassiliicoccus luminyensis,species,1080712,Euryarchaeota,Thermoplasmatota,reported_only
sqlite,1339,Methanomassiliicoccus intestinalis,species,1406512,Euryarchaeota,Thermoplasmatota,reported_only
sqlite,1340,Methanopyrus kandleri,species,2320,Euryarchaeota,Methanobacteriota,reported_only
sqlite,1341,Methanosarcina acetivorans,species,2214,Euryarchaeota,Methanobacteriota,reported_only
sqlite,1342,Methanosarcina barkeri,species,2208,Euryarchaeota,Methanobacteriota,reported_only
sqlite,1343,Methanosarcina mazei,species,2209,Euryarchaeota,Methanobacteriota,reported_only
sqlite,1344,Methanosphaera stadtmanae,species,2317,Euryarchaeota,Methanobacteriota,reported_only
sqlite,1345,Methanosphaerula palustris,species,475088,Euryarchaeota,Methanobacteriota,reported_only
sqlite,1347,Ignicoccus hospitalis,species,160233,Crenarchaeota,Thermoproteota,reported_only
sqlite,1636,Pyrobaculum aerophilum,species,13773,Crenarchaeota,Thermoproteota,reported_only
sqlite,1638,Pyrobaculum calidifontis,species,181486,Crenarchaeota,Thermoproteota,reported_only
sqlite,1640,Pyrococcus abyssi,species,29292,Euryarchaeota,Methanobacteriota,reported_only
sqlite,1642,Pyrococcus furiosus,species,2261,Euryarchaeota,Methanobacteriota,reported_only
sqlite,1644,Pyrococcus horikoshii,species,53953,Euryarchaeota,Methanobacteriota,reported_only
sqlite,1661,Rhizophagus irregularis,species,588596,Mucoromycota,Glomeromycota,reported_only
sqlite,1680,Rhodothermus marinus,species,29549,Bacteroidetes,Rhodothermota,reported_only
sqlite,1736,Saccharolobus solfataricus,species,2287,Crenarchaeota,Thermoproteota,reported_only
sqlite,1901,Sulfolobus acidocaldarius,species,2285,Crenarchaeota,Thermoproteota,reported_only
sqlite,1903,Sulfolobus solfataricus,species,2287,Crenarchaeota,Thermoproteota,reported_only
sqlite,1914,Syntrophobacter fumaroxidans,species,119484,Proteobacteria,Thermodesulfobacteriota,normalized
sqlite,1921,Methanospirillum hungatei,species,2203,Euryarchaeota,Methanobacteriota,reported_only
sqlite,1925,Methanothermobacter marburgensis,species,145263,Euryarchaeota,Methanobacteriota,reported_only
sqlite,1927,Syntrophus aciditrophicus,species,316277,Proteobacteria,Thermodesulfobacteriota,normalized
sqlite,1929,Pelobacter carbinolicus,species,19,Proteobacteria,Thermodesulfobacteriota,normalized
sqlite,1930,Methanothermococcus okinawensis,species,155863,Euryarchaeota,Methanobacteriota,reported_only
sqlite,1933,Pelobacter propionicus,species,29543,Proteobacteria,Thermodesulfobacteriota,normalized
sqlite,1934,Methanothermus fervidus,species,2180,Euryarchaeota,Methanobacteriota,reported_only
sqlite,2008,Thermococcus barophilus,species,55802,Euryarchaeota,Methanobacteriota,reported_only
sqlite,2010,Thermococcus gammatolerans,species,187878,Euryarchaeota,Methanobacteriota,reported_only
sqlite,2012,Thermococcus onnurineus,species,342948,Euryarchaeota,Methanobacteriota,reported_only
sqlite,2014,Thermococcus sibiricus,species,172049,Euryarchaeota,Methanobacteriota,reported_only
sqlite,2020,Thermoplasma acidophilum,species,2303,Euryarchaeota,Thermoplasmatota,reported_only
sqlite,2033,Monoblepharis insignis,species,109953,Chytridiomycota,Monoblepharomycota,reported_only
sqlite,2255,Methanomassiliicoccus,genus,1080709,Euryarchaeota,Thermoplasmatota,reported_only
sqlite,2475,Methanosphaera,genus,2316,Euryarchaeota,Methanobacteriota,reported_only
sqlite,2528,Bosea,genus,85413,Streptophyta,Proteobacteria,reported_only
sqlite,2644,Bacteroides pectinophilus,species,384638,Bacteroidetes,Firmicutes,reported_only
sqlite,3012,Methanosphaera cuniculi,species,1077256,Euryarchaeota,Methanobacteriota,reported_only
sqlite,3470,Methanobrevibacter arboriphilus,species,39441,Euryarchaeota,Methanobacteriota,reported_only
sqlite,3507,Thermus scotoductus,species,37636,Deinococcus-thermus,Deinococcus-Thermus,case_folded
sqlite,3640,Methanobrevibacter oralis,species,66851,Euryarchaeota,Methanobacteriota,reported_only
sqlite,3683,Desulfobulbus oralis,species,1986146,Proteobacteria,Thermodesulfobacteriota,normalized
sqlite,3816,Methanobrevibacter woesei,species,190976,Euryarchaeota,Methanobacteriota,reported_only
sqlite,4021,Methanobacterium formicicum,species,2162,Euryarchaeota,Methanobacteriota,reported_only
sqlite,4035,Methanobacterium sp. mb1,species,1379702,Euryarchaeota,Methanobacteriota,reported_only
sqlite,4068,Methanosarcina thermophila,species,2210,Euryarchaeota,Methanobacteriota,reported_only
sqlite,4070,Methanoculleus thermophilus,species,2200,Euryarchaeota,Methanobacteriota,reported_only
sqlite,4295,Methanobrevibacter boviskoreani,species,1348249,Euryarchaeota,Methanobacteriota,reported_only
sqlite,4299,Deinococcus wulumuqiensis,species,980427,Deinococcus-thermus,Deinococcus-Thermus,case_folded
sqlite,4306,Halococcus dombrowskii,species,179637,Euryarchaeota,Methanobacteriota,reported_only
sqlite,4367,Deinococcus geothermalis,species,68909,Deinococcus-thermus,Deinococcus-Thermus,case_folded
sqlite,4461,Methanobacterium,genus,2160,Euryarchaeota,Methanobacteriota,reported_only
sqlite,4493,Deinococcus,genus,1298,Deinococcus-thermus,Deinococcus-Thermus,case_folded
sqlite,4582,Thermus,genus,270,Deinococcus-thermus,Deinococcus-Thermus,case_folded
sqlite,4735,Sphaerobacter,genus,2056,Chloroflexi,Thermomicrobiota,reported_only
sqlite,4758,Methanosarcina,genus,2207,Euryarchaeota,Methanobacteriota,reported_only
sqlite,4761,Methanoculleus,genus,45989,Euryarchaeota,Methanobacteriota,reported_only
sqlite,4860,Syntrophobacter,genus,29526,Proteobacteria,Thermodesulfobacteriota,normalized
sqlite,5011,Bogoriella,genus,56054,Ascomycota,Actinobacteria,reported_only
sqlite,5019,Sulfurimonas,genus,202746,Proteobacteria,Campylobacterota,normalized
sqlite,4185,Deinococcus soli (ex cha et al. 2016),,,Deinococcus-thermus,Deinococcus-Thermus,genus_consensus (4 of 5 agree)
