taxid,action,taxon_id,scientific_name,rank,source,assoc,abund,into_taxon_id,into_name,rename_to,note
29348,merged_away,80747,Clostridium spiroforme,species,PubMed,1,0,8524,Thomasclavelia spiroformis,,
33038,merged_away,2673644,Ruminococcus gnavus,species,PubMed,1,0,3826,Mediterraneibacter gnavus,,
39485,merged_away,2673225,Eubacterium eligens,species,MicrobiomeHD,1,0,1203,Lachnospira eligens,,
39488,merged_away,1086,Eubacterium hallii,species,MiMeDB,3,0,683,Anaerobutyricum hallii,,
40520,merged_away,80764,Ruminococcus obeum,species,PubMed,1,0,66,Blautia obeum,,
45851,merged_away,2673649,Butyrivibrio crossotus,species,PubMed,1,0,10542,Eshraghiella crossota,,
208479,merged_away,80743,Clostridium bolteae,species,PubMed,1,0,1016,Enterocloster bolteae,,
310298,merged_away,2731,Bacteroides phocaeicola coprocola,species,MiMeDB,0,0,781,Bacteroides coprocola,Phocaeicola coprocola,
310298,rename_canonical:skipped:name_taken_by_1563,781,Bacteroides coprocola,species,MiMeDB,1,0,781,Phocaeicola coprocola,Phocaeicola coprocola,
333367,merged_away,80741,Clostridium asparagiforme,species,PubMed,1,0,1014,Enterocloster asparagiformis,,
358743,merged_away,316,Clostridium citroniae,species,MiMeDB,1,0,1018,Enterocloster citroniae,,
